"date","year","month","week","page_views"
2007-12-10,2007,12,50,23910
2007-12-11,2007,12,50,10789
2007-12-12,2007,12,50,6682
2007-12-13,2007,12,50,5584
2007-12-14,2007,12,50,5270
2007-12-15,2007,12,50,4235
2007-12-16,2007,12,51,6811
2007-12-17,2007,12,51,8236
2007-12-18,2007,12,51,6475
2007-12-19,2007,12,51,4846
2007-12-20,2007,12,51,4441
2007-12-21,2007,12,51,4586
2007-12-22,2007,12,51,4031
2007-12-23,2007,12,52,6417
2007-12-24,2007,12,52,15185
2007-12-25,2007,12,52,4521
2007-12-26,2007,12,52,5095
2007-12-27,2007,12,52,6789
2007-12-28,2007,12,52,6943
2007-12-29,2007,12,52,6192
2007-12-30,2007,12,53,57307
2007-12-31,2007,12,53,19787
2008-01-01,2008,1,1,9812
2008-01-02,2008,1,1,11851
2008-01-03,2008,1,1,9422
2008-01-04,2008,1,1,7918
2008-01-05,2008,1,1,8053
2008-01-06,2008,1,1,11941
2008-01-07,2008,1,2,8974
2008-01-08,2008,1,2,7694
2008-01-09,2008,1,2,6605
2008-01-10,2008,1,2,7302
2008-01-11,2008,1,2,6571
2008-01-12,2008,1,2,6691
2008-01-13,2008,1,2,35428
2008-01-14,2008,1,3,22626
2008-01-15,2008,1,3,12264
2008-01-16,2008,1,3,11302
2008-01-17,2008,1,3,8844
2008-01-18,2008,1,3,9121
2008-01-19,2008,1,3,7852
2008-01-20,2008,1,3,22460
2008-01-21,2008,1,4,42805
2008-01-22,2008,1,4,31005
2008-01-23,2008,1,4,32051
2008-01-24,2008,1,4,19608
2008-01-25,2008,1,4,16472
2008-01-26,2008,1,4,11374
2008-01-27,2008,1,4,10793
2008-01-28,2008,1,5,15929
2008-01-29,2008,1,5,16386
2008-01-30,2008,1,5,23029
2008-02-01,2008,2,5,24048
2008-02-02,2008,2,5,16981
2008-02-03,2008,2,5,51903
2008-02-04,2008,2,6,161052
2008-02-05,2008,2,6,38754
2008-02-06,2008,2,6,17328
2008-02-07,2008,2,6,11391
2008-02-08,2008,2,6,8367
2008-02-09,2008,2,6,6532
2008-02-10,2008,2,6,6931
2008-02-11,2008,2,7,7513
2008-02-12,2008,2,7,5677
2008-02-13,2008,2,7,4534
2008-02-14,2008,2,7,4280
2008-02-15,2008,2,7,3802
2008-02-16,2008,2,7,3385
2008-02-17,2008,2,7,3490
2008-02-18,2008,2,8,3566
2008-02-19,2008,2,8,4227
2008-02-20,2008,2,8,3916
2008-02-21,2008,2,8,3730
2008-02-22,2008,2,8,3704
2008-02-23,2008,2,8,3241
2008-02-24,2008,2,8,3515
2008-02-25,2008,2,9,3532
2008-02-26,2008,2,9,3175
2008-02-27,2008,2,9,3053
2008-02-28,2008,2,9,0
2008-02-29,2008,2,9,2720
2008-03-01,2008,3,9,0
2008-03-02,2008,3,9,2567
2008-03-03,2008,3,10,0
2008-03-04,2008,3,10,0
2008-03-05,2008,3,10,3881
2008-03-06,2008,3,10,3333
2008-03-07,2008,3,10,4488
2008-03-08,2008,3,10,2162
2008-03-09,2008,3,10,2410
2008-03-10,2008,3,11,2178
2008-03-11,2008,3,11,2308
2008-03-12,2008,3,11,2813
2008-03-13,2008,3,11,2955
2008-03-14,2008,3,11,3405
2008-03-15,2008,3,11,2560
2008-03-16,2008,3,11,2219
2008-03-17,2008,3,12,2689
2008-03-18,2008,3,12,2587
2008-03-19,2008,3,12,2418
2008-03-20,2008,3,12,1928
2008-03-21,2008,3,12,2152
2008-03-22,2008,3,12,2231
2008-03-23,2008,3,12,1841
2008-03-24,2008,3,13,2443
2008-03-25,2008,3,13,2847
2008-03-26,2008,3,13,2831
2008-03-27,2008,3,13,2767
2008-03-28,2008,3,13,2972
2008-03-29,2008,3,13,2685
2008-03-30,2008,3,13,2196
2008-03-31,2008,3,14,2845
2008-04-01,2008,4,14,2989
2008-04-02,2008,4,14,3204
2008-04-03,2008,4,14,3024
2008-04-04,2008,4,14,2728
2008-04-05,2008,4,14,1872
2008-04-06,2008,4,14,2142
2008-04-07,2008,4,15,1986
2008-04-08,2008,4,15,1963
2008-04-09,2008,4,15,1950
2008-04-10,2008,4,15,2493
2008-04-11,2008,4,15,2316
2008-04-12,2008,4,15,1550
2008-04-13,2008,4,15,1842
2008-04-14,2008,4,16,2510
2008-04-15,2008,4,16,2926
2008-04-16,2008,4,16,2557
2008-04-17,2008,4,16,2912
2008-04-18,2008,4,16,2771
2008-04-19,2008,4,16,2350
2008-04-20,2008,4,16,2659
2008-04-21,2008,4,17,3035
2008-04-22,2008,4,17,3335
2008-04-23,2008,4,17,3371
2008-04-24,2008,4,17,3143
2008-04-25,2008,4,17,3391
2008-04-26,2008,4,17,3394
2008-04-27,2008,4,17,4500
2008-04-28,2008,4,18,4457
2008-04-29,2008,4,18,3094
2008-04-30,2008,4,18,3062
2008-05-01,2008,5,18,3825
2008-05-02,2008,5,18,3314
2008-05-03,2008,5,18,2430
2008-05-04,2008,5,18,2404
2008-05-05,2008,5,19,2917
2008-05-06,2008,5,19,3945
2008-05-07,2008,5,19,3466
2008-05-08,2008,5,19,2899
2008-05-09,2008,5,19,2537
2008-05-10,2008,5,19,1949
2008-05-11,2008,5,19,1956
2008-05-12,2008,5,20,2484
2008-05-13,2008,5,20,2502
2008-05-14,2008,5,20,2438
2008-05-15,2008,5,20,2335
2008-05-16,2008,5,20,2356
2008-05-17,2008,5,20,1645
2008-05-18,2008,5,20,2245
2008-05-19,2008,5,21,2853
2008-05-20,2008,5,21,2401
2008-05-21,2008,5,21,2136
2008-05-22,2008,5,21,2427
2008-05-23,2008,5,21,2516
2008-05-24,2008,5,21,1812
2008-05-25,2008,5,21,1601
2008-05-26,2008,5,22,1676
2008-05-27,2008,5,22,1914
2008-05-28,2008,5,22,2118
2008-05-29,2008,5,22,1993
2008-05-30,2008,5,22,2104
2008-05-31,2008,5,22,1659
2008-06-01,2008,6,22,0
2008-06-02,2008,6,23,0
2008-06-03,2008,6,23,1767
2008-06-04,2008,6,23,2213
2008-06-05,2008,6,23,1885
2008-06-06,2008,6,23,3015
2008-06-07,2008,6,23,2390
2008-06-08,2008,6,23,1618
2008-06-09,2008,6,24,1640
2008-06-10,2008,6,24,1856
2008-06-11,2008,6,24,2103
2008-06-12,2008,6,24,1792
2008-06-13,2008,6,24,1833
2008-06-14,2008,6,24,1712
2008-06-15,2008,6,24,1375
2008-06-16,2008,6,25,1476
2008-06-17,2008,6,25,1951
2008-06-18,2008,6,25,2140
2008-06-19,2008,6,25,2792
2008-06-20,2008,6,25,2438
2008-06-21,2008,6,25,2128
2008-06-22,2008,6,25,1740
2008-06-23,2008,6,26,1655
2008-06-24,2008,6,26,2190
2008-06-25,2008,6,26,2007
2008-06-26,2008,6,26,1918
2008-06-27,2008,6,26,1849
2008-06-28,2008,6,26,1813
2008-06-29,2008,6,26,1531
2008-06-30,2008,6,27,1550
2008-07-02,2008,7,27,2011
2008-07-03,2008,7,27,1826
2008-07-04,2008,7,27,1559
2008-07-05,2008,7,27,1411
2008-07-06,2008,7,27,1600
2008-07-07,2008,7,28,1934
2008-07-08,2008,7,28,2213
2008-07-09,2008,7,28,1914
2008-07-10,2008,7,28,1858
2008-07-11,2008,7,28,1906
2008-07-12,2008,7,28,1810
2008-08-01,2008,8,31,2732
2008-08-02,2008,8,31,1872
2008-08-03,2008,8,31,2334
2008-08-04,2008,8,32,3236
2008-08-05,2008,8,32,2708
2008-08-06,2008,8,32,2776
2008-08-07,2008,8,32,3863
2008-08-08,2008,8,32,4181
2008-08-09,2008,8,32,2506
2008-08-10,2008,8,32,2180
2008-08-11,2008,8,33,2564
2008-08-12,2008,8,33,2695
2008-08-13,2008,8,33,2596
2008-08-14,2008,8,33,2196
2008-08-15,2008,8,33,2140
2008-08-16,2008,8,33,1762
2008-08-17,2008,8,33,2044
2008-08-18,2008,8,34,2751
2008-08-19,2008,8,34,2967
2008-08-20,2008,8,34,2641
2008-08-21,2008,8,34,2386
2008-08-22,2008,8,34,2234
2008-08-23,2008,8,34,2167
2008-08-24,2008,8,34,2450
2008-08-25,2008,8,35,2841
2008-08-26,2008,8,35,3025
2008-08-27,2008,8,35,4322
2008-08-28,2008,8,35,3618
2008-08-29,2008,8,35,2945
2008-08-30,2008,8,35,2299
2008-08-31,2008,8,35,2592
2008-09-01,2008,9,36,3206
2008-09-02,2008,9,36,2965
2008-09-03,2008,9,36,3072
2008-09-04,2008,9,36,3676
2008-09-05,2008,9,36,3405
2008-09-06,2008,9,36,2907
2008-09-07,2008,9,36,8284
2008-09-08,2008,9,37,41451
2008-09-09,2008,9,37,27606
2008-09-10,2008,9,37,11138
2008-09-11,2008,9,37,8024
2008-09-12,2008,9,37,6997
2008-09-13,2008,9,37,4970
2008-09-14,2008,9,37,10440
2008-09-15,2008,9,38,7251
2008-09-16,2008,9,38,5774
2008-09-17,2008,9,38,3913
2008-09-18,2008,9,38,3469
2008-09-19,2008,9,38,3346
2008-09-20,2008,9,38,2664
2008-09-21,2008,9,38,4380
2008-09-22,2008,9,39,5601
2008-09-23,2008,9,39,4552
2008-09-24,2008,9,39,3348
2008-09-25,2008,9,39,3709
2008-09-26,2008,9,39,2763
2008-09-27,2008,9,39,2302
2008-09-28,2008,9,39,3284
2008-09-29,2008,9,40,4001
2008-09-30,2008,9,40,3263
2008-10-01,2008,10,40,3171
2008-10-02,2008,10,40,2969
2008-10-03,2008,10,40,2531
2008-10-04,2008,10,40,2554
2008-10-05,2008,10,40,3418
2008-10-06,2008,10,41,4071
2008-10-07,2008,10,41,3259
2008-10-08,2008,10,41,2557
2008-10-09,2008,10,41,3041
2008-10-10,2008,10,41,3102
2008-10-11,2008,10,41,2374
2008-10-12,2008,10,41,3056
2008-10-13,2008,10,42,7175
2008-10-14,2008,10,42,4783
2008-10-15,2008,10,42,3778
2008-10-16,2008,10,42,3040
2008-10-17,2008,10,42,2894
2008-10-18,2008,10,42,2741
2008-10-19,2008,10,42,3695
2008-10-20,2008,10,43,4245
2008-10-21,2008,10,43,0
2008-10-22,2008,10,43,0
2008-10-23,2008,10,43,6452
2008-10-24,2008,10,43,7394
2008-10-25,2008,10,43,3274
2008-10-26,2008,10,43,4244
2008-10-27,2008,10,44,3986
2008-10-28,2008,10,44,3634
2008-10-29,2008,10,44,2845
2008-10-30,2008,10,44,2525
2008-10-31,2008,10,44,2382
2008-11-01,2008,11,44,2131
2008-11-02,2008,11,44,2975
2008-11-03,2008,11,45,5361
2008-11-04,2008,11,45,2928
2008-11-05,2008,11,45,2046
2008-11-06,2008,11,45,2648
2008-11-07,2008,11,45,2760
2008-11-08,2008,11,45,2388
2008-11-09,2008,11,45,3093
2008-11-10,2008,11,46,3498
2008-11-11,2008,11,46,3535
2008-11-12,2008,11,46,3294
2008-11-13,2008,11,46,2938
2008-11-14,2008,11,46,4786
2008-11-15,2008,11,46,2609
2008-11-16,2008,11,46,2958
2008-11-17,2008,11,47,3450
2008-11-18,2008,11,47,3252
2008-11-19,2008,11,47,2905
2008-11-20,2008,11,47,2837
2008-11-21,2008,11,47,2535
2008-11-22,2008,11,47,2606
2008-11-23,2008,11,47,3684
2008-11-24,2008,11,48,4663
2008-11-25,2008,11,48,4002
2008-11-26,2008,11,48,2855
2008-11-27,2008,11,48,3297
2008-11-28,2008,11,48,2775
2008-11-29,2008,11,48,2391
2008-11-30,2008,11,48,4006
2008-12-01,2008,12,49,4535
2008-12-02,2008,12,49,3116
2008-12-03,2008,12,49,2805
2008-12-04,2008,12,49,2914
2008-12-05,2008,12,49,2683
2008-12-06,2008,12,49,2295
2008-12-07,2008,12,49,3036
2008-12-08,2008,12,50,3260
2008-12-09,2008,12,50,3275
2008-12-10,2008,12,50,2493
2008-12-11,2008,12,50,2917
2008-12-12,2008,12,50,3277
2008-12-13,2008,12,50,2798
2008-12-14,2008,12,50,3745
2008-12-15,2008,12,51,4026
2008-12-16,2008,12,51,3155
2008-12-17,2008,12,51,2884
2008-12-18,2008,12,51,3053
2008-12-19,2008,12,51,3521
2008-12-20,2008,12,51,2995
2008-12-21,2008,12,51,4995
2008-12-22,2008,12,52,4942
2008-12-23,2008,12,52,3388
2008-12-24,2008,12,52,2494
2008-12-25,2008,12,52,2531
2008-12-26,2008,12,52,6571
2008-12-27,2008,12,52,11113
2008-12-28,2008,12,52,8330
2008-12-29,2008,12,53,9577
2008-12-30,2008,12,53,5944
2008-12-31,2008,12,53,4390
2009-01-01,2009,1,1,3070
2009-01-02,2009,1,1,5320
2009-01-03,2009,1,1,5037
2009-01-04,2009,1,1,7538
2009-01-05,2009,1,1,7866
2009-01-06,2009,1,1,4746
2009-01-07,2009,1,2,3180
2009-01-08,2009,1,2,3504
2009-01-09,2009,1,2,3272
2009-01-10,2009,1,2,3411
2009-01-11,2009,1,2,6445
2009-01-12,2009,1,2,7000
2009-01-13,2009,1,2,8017
2009-01-14,2009,1,3,6157
2009-01-15,2009,1,3,5089
2009-01-16,2009,1,3,3855
2009-01-17,2009,1,3,3270
2009-01-18,2009,1,3,4359
2009-01-19,2009,1,3,9055
2009-01-20,2009,1,3,3962
2009-01-21,2009,1,4,2878
2009-01-22,2009,1,4,5123
2009-01-23,2009,1,4,3333
2009-01-24,2009,1,4,2984
2009-01-25,2009,1,4,3190
2009-01-26,2009,1,4,3472
2009-01-27,2009,1,4,3907
2009-01-28,2009,1,5,4006
2009-01-29,2009,1,5,3450
2009-01-30,2009,1,5,3569
2009-01-31,2009,1,5,3346
2009-02-01,2009,2,5,5678
2009-02-02,2009,2,5,12887
2009-02-03,2009,2,5,4826
2009-02-04,2009,2,6,3667
2009-02-05,2009,2,6,3189
2009-02-06,2009,2,6,3549
2009-02-07,2009,2,6,2407
2009-02-08,2009,2,6,2714
2009-02-09,2009,2,6,2909
2009-02-10,2009,2,6,2368
2009-02-11,2009,2,7,3416
2009-02-12,2009,2,7,2977
2009-02-13,2009,2,7,2592
2009-02-14,2009,2,7,2057
2009-02-15,2009,2,7,2281
2009-02-16,2009,2,7,2280
2009-02-17,2009,2,7,2015
2009-02-18,2009,2,8,1927
2009-02-19,2009,2,8,2321
2009-02-20,2009,2,8,1974
2009-02-21,2009,2,8,1534
2009-02-22,2009,2,8,1756
2009-02-23,2009,2,8,1936
2009-02-24,2009,2,8,2079
2009-02-25,2009,2,9,2007
2009-02-26,2009,2,9,1915
2009-02-27,2009,2,9,26342
2009-02-28,2009,2,9,11037
2009-03-01,2009,3,9,7464
2009-03-02,2009,3,9,7024
2009-03-03,2009,3,9,4142
2009-03-04,2009,3,10,4212
2009-03-05,2009,3,10,4131
2009-03-06,2009,3,10,4062
2009-03-07,2009,3,10,3264
2009-03-08,2009,3,10,3245
2009-03-09,2009,3,10,3255
2009-03-10,2009,3,10,2749
2009-03-11,2009,3,11,3855
2009-03-12,2009,3,11,5253
2009-03-13,2009,3,11,3172
2009-03-14,2009,3,11,2889
2009-03-15,2009,3,11,3095
2009-03-16,2009,3,11,4190
2009-03-17,2009,3,11,3814
2009-03-18,2009,3,12,2865
2009-03-19,2009,3,12,2898
2009-03-20,2009,3,12,2359
2009-03-21,2009,3,12,2384
2009-03-22,2009,3,12,3206
2009-03-23,2009,3,12,3168
2009-03-24,2009,3,12,3135
2009-03-25,2009,3,13,2696
2009-03-26,2009,3,13,2657
2009-03-27,2009,3,13,2386
2009-03-28,2009,3,13,2113
2009-03-29,2009,3,13,2264
2009-03-30,2009,3,13,4468
2009-03-31,2009,3,13,6596
2009-04-01,2009,4,14,5045
2009-04-02,2009,4,14,3860
2009-04-03,2009,4,14,4166
2009-04-04,2009,4,14,4941
2009-04-05,2009,4,14,5310
2009-04-06,2009,4,14,8128
2009-04-07,2009,4,14,5336
2009-04-08,2009,4,15,3805
2009-04-09,2009,4,15,2727
2009-04-10,2009,4,15,2354
2009-04-11,2009,4,15,2352
2009-04-12,2009,4,15,1953
2009-04-13,2009,4,15,2405
2009-04-14,2009,4,15,2431
2009-04-15,2009,4,16,3014
2009-04-16,2009,4,16,2852
2009-04-17,2009,4,16,2344
2009-04-18,2009,4,16,2024
2009-04-19,2009,4,16,2371
2009-04-20,2009,4,16,2619
2009-04-21,2009,4,16,2754
2009-04-22,2009,4,17,3155
2009-04-23,2009,4,17,2690
2009-04-24,2009,4,17,3351
2009-04-25,2009,4,17,4021
2009-04-26,2009,4,17,5734
2009-04-27,2009,4,17,4711
2009-04-28,2009,4,17,3369
2009-04-29,2009,4,18,2695
2009-04-30,2009,4,18,2349
2009-05-01,2009,5,18,2244
2009-05-02,2009,5,18,2263
2009-05-03,2009,5,18,2220
2009-05-04,2009,5,18,2610
2009-05-05,2009,5,18,2910
2009-05-06,2009,5,19,2995
2009-05-07,2009,5,19,3645
2009-05-08,2009,5,19,2434
2009-05-09,2009,5,19,1910
2009-05-10,2009,5,19,1903
2009-05-11,2009,5,19,2295
2009-05-12,2009,5,19,2608
2009-05-13,2009,5,20,3212
2009-05-14,2009,5,20,2596
2009-05-15,2009,5,20,2550
2009-05-16,2009,5,20,2026
2009-05-17,2009,5,20,2039
2009-05-18,2009,5,20,2696
2009-05-19,2009,5,20,2996
2009-05-20,2009,5,21,2511
2009-05-21,2009,5,21,2490
2009-05-22,2009,5,21,2342
2009-05-23,2009,5,21,2425
2009-05-24,2009,5,21,2216
2009-05-25,2009,5,21,2941
2009-05-26,2009,5,21,4779
2009-05-27,2009,5,22,4488
2009-05-28,2009,5,22,4514
2009-05-29,2009,5,22,5401
2009-05-30,2009,5,22,2887
2009-05-31,2009,5,22,3728
2009-06-01,2009,6,22,3274
2009-06-02,2009,6,22,3123
2009-06-03,2009,6,23,2622
2009-06-04,2009,6,23,2836
2009-06-05,2009,6,23,2423
2009-06-06,2009,6,23,1794
2009-06-07,2009,6,23,2131
2009-06-08,2009,6,23,2604
2009-06-09,2009,6,23,2834
2009-06-10,2009,6,24,3808
2009-06-11,2009,6,24,3059
2009-06-12,2009,6,24,2735
2009-06-13,2009,6,24,2046
2009-06-14,2009,6,24,2148
2009-06-15,2009,6,24,2490
2009-06-16,2009,6,24,2700
2009-06-17,2009,6,25,2584
2009-06-18,2009,6,25,2629
2009-06-19,2009,6,25,6311
2009-06-20,2009,6,25,6348
2009-06-21,2009,6,25,3949
2009-06-22,2009,6,25,3898
2009-06-23,2009,6,25,3508
2009-06-24,2009,6,26,3129
2009-06-25,2009,6,26,2834
2009-06-26,2009,6,26,2722
2009-06-27,2009,6,26,2576
2009-06-28,2009,6,26,2733
2009-06-29,2009,6,26,2761
2009-06-30,2009,6,26,3021
2009-07-01,2009,7,27,2439
2009-07-02,2009,7,27,2180
2009-07-03,2009,7,27,2122
2009-07-04,2009,7,27,2135
2009-07-05,2009,7,27,2298
2009-07-06,2009,7,27,2835
2009-07-07,2009,7,27,2488
2009-07-08,2009,7,28,2528
2009-07-09,2009,7,28,2526
2009-07-10,2009,7,28,2601
2009-07-11,2009,7,28,2299
2009-07-12,2009,7,28,2151
2009-07-13,2009,7,28,2700
2009-07-14,2009,7,28,2743
2009-07-15,2009,7,29,2972
2009-07-16,2009,7,29,2477
2009-07-17,2009,7,29,2378
2009-07-18,2009,7,29,2008
2009-07-19,2009,7,29,2246
2009-07-20,2009,7,29,3255
2009-07-21,2009,7,29,3152
2009-07-22,2009,7,30,2855
2009-07-23,2009,7,30,2932
2009-07-24,2009,7,30,2881
2009-07-25,2009,7,30,2829
2009-07-26,2009,7,30,2388
2009-07-27,2009,7,30,2729
2009-07-28,2009,7,30,2985
2009-07-29,2009,7,31,3333
2009-07-30,2009,7,31,4223
2009-07-31,2009,7,31,3937
2009-08-01,2009,8,31,3163
2009-08-02,2009,8,31,2915
2009-08-03,2009,8,31,4760
2009-08-04,2009,8,31,4744
2009-08-05,2009,8,32,3824
2009-08-06,2009,8,32,3423
2009-08-07,2009,8,32,3137
2009-08-08,2009,8,32,2276
2009-08-09,2009,8,32,2586
2009-08-10,2009,8,32,11348
2009-08-11,2009,8,32,7140
2009-08-12,2009,8,33,8325
2009-08-13,2009,8,33,7005
2009-08-14,2009,8,33,9929
2009-08-15,2009,8,33,3894
2009-08-16,2009,8,33,4011
2009-08-17,2009,8,33,4720
2009-08-18,2009,8,33,4709
2009-08-19,2009,8,34,5200
2009-08-20,2009,8,34,4949
2009-08-21,2009,8,34,4854
2009-08-22,2009,8,34,3356
2009-08-23,2009,8,34,3127
2009-08-24,2009,8,34,3816
2009-08-25,2009,8,34,5115
2009-08-26,2009,8,35,4996
2009-08-27,2009,8,35,4155
2009-08-28,2009,8,35,4260
2009-08-29,2009,8,35,7496
2009-08-30,2009,8,35,4558
2009-08-31,2009,8,35,5815
2009-09-01,2009,9,35,4872
2009-09-02,2009,9,36,5103
2009-09-03,2009,9,36,4014
2009-09-04,2009,9,36,4313
2009-09-05,2009,9,36,3290
2009-09-06,2009,9,36,4070
2009-09-07,2009,9,36,4643
2009-09-08,2009,9,36,4820
2009-09-09,2009,9,37,5299
2009-09-10,2009,9,37,5224
2009-09-11,2009,9,37,6779
2009-09-12,2009,9,37,8893
2009-09-13,2009,9,37,11226
2009-09-14,2009,9,37,10432
2009-09-15,2009,9,37,26626
2009-09-16,2009,9,38,6469
2009-09-17,2009,9,38,5407
2009-09-18,2009,9,38,4945
2009-09-19,2009,9,38,4102
2009-09-20,2009,9,38,9241
2009-09-21,2009,9,38,0
2009-09-22,2009,9,38,7939
2009-09-23,2009,9,39,0
2009-09-24,2009,9,39,0
2009-09-25,2009,9,39,0
2009-09-26,2009,9,39,0
2009-09-27,2009,9,39,0
2009-09-28,2009,9,39,7948
2009-09-29,2009,9,39,5628
2009-09-30,2009,9,40,3787
2009-10-01,2009,10,40,3245
2009-10-02,2009,10,40,3824
2009-10-03,2009,10,40,3432
2009-10-04,2009,10,40,7718
2009-10-05,2009,10,40,7711
2009-10-06,2009,10,40,6520
2009-10-07,2009,10,41,4136
2009-10-08,2009,10,41,3966
2009-10-09,2009,10,41,3482
2009-10-10,2009,10,41,2943
2009-10-11,2009,10,41,7282
2009-10-12,2009,10,41,7959
2009-10-13,2009,10,41,6011
2009-10-14,2009,10,42,0
2009-10-15,2009,10,42,0
2009-10-16,2009,10,42,0
2009-10-17,2009,10,42,2888
2009-10-18,2009,10,42,7696
2009-10-19,2009,10,42,12241
2009-10-20,2009,10,42,6936
2009-10-21,2009,10,43,5186
2009-10-22,2009,10,43,4495
2009-10-23,2009,10,43,5465
2009-10-24,2009,10,43,4705
2009-10-25,2009,10,43,8858
2009-10-26,2009,10,43,8559
2009-10-27,2009,10,43,5635
2009-10-28,2009,10,44,4171
2009-10-29,2009,10,44,3712
2009-10-30,2009,10,44,3554
2009-10-31,2009,10,44,2805
2009-11-01,2009,11,44,6395
2009-11-02,2009,11,44,4752
2009-11-03,2009,11,44,4675
2009-11-04,2009,11,45,3779
2009-11-05,2009,11,45,3500
2009-11-06,2009,11,45,3508
2009-11-07,2009,11,45,2731
2009-11-08,2009,11,45,6647
2009-11-09,2009,11,45,6394
2009-11-10,2009,11,45,5236
2009-11-11,2009,11,46,4254
2009-11-12,2009,11,46,4658
2009-11-13,2009,11,46,4821
2009-11-14,2009,11,46,4636
2009-11-15,2009,11,46,0
2009-11-16,2009,11,46,34604
2009-11-17,2009,11,46,6768
2009-11-18,2009,11,47,4501
2009-11-19,2009,11,47,4415
2009-11-20,2009,11,47,4041
2009-11-21,2009,11,47,3559
2009-11-22,2009,11,47,0
2009-11-23,2009,11,47,8381
2009-11-24,2009,11,47,4891
2009-11-25,2009,11,48,3372
2009-11-26,2009,11,48,4171
2009-11-27,2009,11,48,4614
2009-11-28,2009,11,48,3791
2009-11-29,2009,11,48,5785
2009-11-30,2009,11,48,6673
2009-12-01,2009,12,48,28119
2009-12-02,2009,12,49,5055
2009-12-03,2009,12,49,4659
2009-12-04,2009,12,49,4222
2009-12-05,2009,12,49,3246
2009-12-06,2009,12,49,5439
2009-12-07,2009,12,49,6732
2009-12-08,2009,12,49,4303
2009-12-09,2009,12,50,11242
2009-12-10,2009,12,50,13202
2009-12-11,2009,12,50,6033
2009-12-12,2009,12,50,5819
2009-12-13,2009,12,50,7940
2009-12-14,2009,12,50,6718
2009-12-15,2009,12,50,4963
2009-12-16,2009,12,51,4291
2009-12-17,2009,12,51,4071
2009-12-18,2009,12,51,4973
2009-12-19,2009,12,51,4685
2009-12-20,2009,12,51,6769
2009-12-21,2009,12,51,6099
2009-12-22,2009,12,51,4571
2009-12-23,2009,12,52,3714
2009-12-24,2009,12,52,3055
2009-12-25,2009,12,52,2836
2009-12-26,2009,12,52,2853
2009-12-27,2009,12,52,4946
2009-12-28,2009,12,52,6520
2009-12-29,2009,12,52,5174
2009-12-30,2009,12,53,5827
2009-12-31,2009,12,53,3864
2010-01-01,2010,1,1,3386
2010-01-02,2010,1,1,4089
2010-01-03,2010,1,1,4767
2010-01-04,2010,1,1,5297
2010-01-05,2010,1,1,3855
2010-01-06,2010,1,1,4407
2010-01-07,2010,1,2,5444
2010-01-08,2010,1,2,5002
2010-01-09,2010,1,2,4874
2010-01-10,2010,1,2,16094
2010-01-11,2010,1,2,12377
2010-01-12,2010,1,2,5452
2010-01-13,2010,1,2,4187
2010-01-14,2010,1,3,6316
2010-01-15,2010,1,3,3883
2010-01-16,2010,1,3,3686
2010-01-17,2010,1,3,7819
2010-01-18,2010,1,3,6065
2010-01-19,2010,1,3,4339
2010-01-20,2010,1,3,3993
2010-01-21,2010,1,4,3621
2010-01-22,2010,1,4,3566
2010-01-23,2010,1,4,0
2010-01-24,2010,1,4,0
2010-01-25,2010,1,4,11089
2010-01-26,2010,1,4,5496
2010-01-27,2010,1,4,4106
2010-01-28,2010,1,5,3754
2010-01-29,2010,1,5,4548
2010-01-30,2010,1,5,4242
2010-01-31,2010,1,5,4240
2010-02-01,2010,2,5,6047
2010-02-02,2010,2,5,5360
2010-02-03,2010,2,5,5182
2010-02-04,2010,2,6,5274
2010-02-05,2010,2,6,5864
2010-02-06,2010,2,6,5500
2010-02-07,2010,2,6,8825
2010-02-08,2010,2,6,0
2010-02-09,2010,2,6,8889
2010-02-10,2010,2,6,6223
2010-02-11,2010,2,7,4487
2010-02-12,2010,2,7,3649
2010-02-13,2010,2,7,3106
2010-02-14,2010,2,7,3021
2010-02-15,2010,2,7,2699
2010-02-16,2010,2,7,2581
2010-02-17,2010,2,7,2210
2010-02-18,2010,2,8,2476
2010-02-19,2010,2,8,2115
2010-02-20,2010,2,8,2128
2010-02-21,2010,2,8,2255
2010-02-22,2010,2,8,2351
2010-02-23,2010,2,8,0
2010-02-24,2010,2,8,1968
2010-02-25,2010,2,9,1681
2010-02-26,2010,2,9,1825
2010-02-27,2010,2,9,1900
2010-02-28,2010,2,9,1959
2010-03-01,2010,3,9,1822
2010-03-02,2010,3,9,1800
2010-03-03,2010,3,9,1753
2010-03-04,2010,3,10,1958
2010-03-05,2010,3,10,2213
2010-03-06,2010,3,10,2020
2010-03-07,2010,3,10,1796
2010-03-08,2010,3,10,2145
2010-03-09,2010,3,10,1895
2010-03-10,2010,3,10,1881
2010-03-11,2010,3,11,1919
2010-03-12,2010,3,11,1918
2010-03-13,2010,3,11,1931
2010-03-14,2010,3,11,1859
2010-03-15,2010,3,11,2238
2010-03-16,2010,3,11,2924
2010-03-17,2010,3,11,3834
2010-03-18,2010,3,12,2937
2010-03-19,2010,3,12,2381
2010-03-20,2010,3,12,1901
2010-03-21,2010,3,12,1886
2010-03-22,2010,3,12,2042
2010-03-23,2010,3,12,2351
2010-03-24,2010,3,12,2346
2010-03-25,2010,3,13,1966
2010-03-26,2010,3,13,1976
2010-03-27,2010,3,13,1980
2010-03-28,2010,3,13,1808
2010-03-29,2010,3,13,2181
2010-03-30,2010,3,13,2612
2010-03-31,2010,3,13,2511
2010-04-01,2010,4,14,2099
2010-04-02,2010,4,14,1961
2010-04-03,2010,4,14,1919
2010-04-04,2010,4,14,1990
2010-04-05,2010,4,14,2742
2010-04-06,2010,4,14,2226
2010-04-07,2010,4,14,2355
2010-04-08,2010,4,15,2160
2010-04-09,2010,4,15,2521
2010-04-10,2010,4,15,2375
2010-04-11,2010,4,15,2208
2010-04-12,2010,4,15,2105
2010-04-13,2010,4,15,2315
2010-04-14,2010,4,15,2108
2010-04-15,2010,4,16,2261
2010-04-16,2010,4,16,2696
2010-04-17,2010,4,16,2343
2010-04-18,2010,4,16,2127
2010-04-19,2010,4,16,2326
2010-04-20,2010,4,16,2328
2010-04-21,2010,4,16,2721
2010-04-22,2010,4,17,3351
2010-04-23,2010,4,17,7418
2010-04-24,2010,4,17,6158
2010-04-25,2010,4,17,3725
2010-04-26,2010,4,17,3834
2010-04-27,2010,4,17,3300
2010-04-28,2010,4,17,2499
2010-04-29,2010,4,18,2188
2010-04-30,2010,4,18,2736
2010-05-01,2010,5,18,2136
2010-05-02,2010,5,18,2073
2010-05-03,2010,5,18,2388
2010-05-04,2010,5,18,2524
2010-05-05,2010,5,18,2532
2010-05-06,2010,5,19,2386
2010-05-07,2010,5,19,2552
2010-05-08,2010,5,19,2211
2010-05-09,2010,5,19,1973
2010-05-10,2010,5,19,2455
2010-05-11,2010,5,19,2224
2010-05-12,2010,5,19,2445
2010-05-13,2010,5,20,2002
2010-05-14,2010,5,20,3746
2010-05-15,2010,5,20,3007
2010-05-16,2010,5,20,2597
2010-05-17,2010,5,20,2145
2010-05-18,2010,5,20,1725
2010-05-19,2010,5,20,1638
2010-05-20,2010,5,21,1843
2010-05-21,2010,5,21,1672
2010-05-22,2010,5,21,1693
2010-05-23,2010,5,21,1846
2010-05-24,2010,5,21,1633
2010-05-25,2010,5,21,1789
2010-05-26,2010,5,21,1651
2010-05-27,2010,5,22,1585
2010-05-28,2010,5,22,1325
2010-05-29,2010,5,22,1517
2010-05-30,2010,5,22,1545
2010-05-31,2010,5,22,1384
2010-06-01,2010,6,22,1683
2010-06-02,2010,6,22,1974
2010-06-03,2010,6,23,3051
2010-06-04,2010,6,23,2057
2010-06-05,2010,6,23,2005
2010-06-06,2010,6,23,1812
2010-06-07,2010,6,23,1654
2010-06-08,2010,6,23,1995
2010-06-09,2010,6,23,2207
2010-06-10,2010,6,24,1923
2010-06-11,2010,6,24,1127
2010-06-12,2010,6,24,401
2010-06-13,2010,6,24,264
2010-06-14,2010,6,24,356
2010-06-15,2010,6,24,911
2010-06-16,2010,6,24,1307
2010-06-17,2010,6,25,1715
2010-06-18,2010,6,25,1638
2010-06-19,2010,6,25,1611
2010-06-20,2010,6,25,1643
2010-06-21,2010,6,25,1616
2010-06-22,2010,6,25,1883
2010-06-23,2010,6,25,1506
2010-06-24,2010,6,26,1497
2010-06-25,2010,6,26,1445
2010-06-26,2010,6,26,0
2010-06-27,2010,6,26,678
2010-06-28,2010,6,26,0
2010-06-29,2010,6,26,1822
2010-06-30,2010,6,26,1662
2010-07-01,2010,7,27,2042
2010-07-02,2010,7,27,1862
2010-07-03,2010,7,27,1639
2010-07-04,2010,7,27,1473
2010-07-05,2010,7,27,0
2010-07-06,2010,7,27,1902
2010-07-07,2010,7,27,0
2010-07-08,2010,7,28,0
2010-07-09,2010,7,28,0
2010-07-10,2010,7,28,0
2010-07-11,2010,7,28,1734
2010-07-12,2010,7,28,1680
2010-07-13,2010,7,28,1795
2010-07-14,2010,7,28,1799
2010-07-15,2010,7,29,1960
2010-07-16,2010,7,29,1945
2010-07-17,2010,7,29,1793
2010-07-18,2010,7,29,1948
2010-07-19,2010,7,29,1963
2010-07-20,2010,7,29,3226
2010-07-21,2010,7,29,1978
2010-07-22,2010,7,30,2910
2010-07-23,2010,7,30,2753
2010-07-24,2010,7,30,2909
2010-07-25,2010,7,30,2618
2010-07-26,2010,7,30,6939
2010-07-27,2010,7,30,4634
2010-07-28,2010,7,30,3369
2010-07-29,2010,7,31,2759
2010-07-30,2010,7,31,4405
2010-07-31,2010,7,31,4814
2010-08-01,2010,8,31,2647
2010-08-02,2010,8,31,3539
2010-08-03,2010,8,31,8953
2010-08-04,2010,8,31,6344
2010-08-05,2010,8,32,5105
2010-08-06,2010,8,32,3712
2010-08-07,2010,8,32,3104
2010-08-08,2010,8,32,3090
2010-08-09,2010,8,32,3797
2010-08-10,2010,8,32,3044
2010-08-11,2010,8,32,3061
2010-08-12,2010,8,33,3790
2010-08-13,2010,8,33,5756
2010-08-14,2010,8,33,2895
2010-08-15,2010,8,33,3187
2010-08-16,2010,8,33,3374
2010-08-17,2010,8,33,3857
2010-08-18,2010,8,33,4105
2010-08-19,2010,8,34,3845
2010-08-20,2010,8,34,5139
2010-08-21,2010,8,34,3092
2010-08-22,2010,8,34,3247
2010-08-23,2010,8,34,4361
2010-08-24,2010,8,34,4950
2010-08-25,2010,8,34,3358
2010-08-26,2010,8,35,3644
2010-08-27,2010,8,35,4953
2010-08-28,2010,8,35,2952
2010-08-29,2010,8,35,3871
2010-08-30,2010,8,35,3780
2010-08-31,2010,8,35,3546
2010-09-01,2010,9,35,3718
2010-09-02,2010,9,36,3585
2010-09-03,2010,9,36,4361
2010-09-04,2010,9,36,3439
2010-09-05,2010,9,36,3463
2010-09-06,2010,9,36,3705
2010-09-07,2010,9,36,6677
2010-09-08,2010,9,36,8394
2010-09-09,2010,9,37,18909
2010-09-10,2010,9,37,17942
2010-09-11,2010,9,37,7735
2010-09-12,2010,9,37,14158
2010-09-13,2010,9,37,12022
2010-09-14,2010,9,37,8783
2010-09-15,2010,9,37,5706
2010-09-16,2010,9,38,5494
2010-09-17,2010,9,38,6057
2010-09-18,2010,9,38,7532
2010-09-19,2010,9,38,15920
2010-09-20,2010,9,38,14186
2010-09-21,2010,9,38,6952
2010-09-22,2010,9,38,7720
2010-09-23,2010,9,39,8067
2010-09-24,2010,9,39,6039
2010-09-25,2010,9,39,5383
2010-09-26,2010,9,39,8163
2010-09-27,2010,9,39,7862
2010-09-28,2010,9,39,6473
2010-09-29,2010,9,39,4668
2010-09-30,2010,9,40,4444
2010-10-01,2010,10,40,4731
2010-10-02,2010,10,40,5043
2010-10-03,2010,10,40,5622
2010-10-04,2010,10,40,9779
2010-10-05,2010,10,40,37520
2010-10-06,2010,10,40,9478
2010-10-07,2010,10,41,6886
2010-10-08,2010,10,41,5763
2010-10-09,2010,10,41,4943
2010-10-10,2010,10,41,6632
2010-10-11,2010,10,41,8975
2010-10-12,2010,10,41,10095
2010-10-13,2010,10,41,4982
2010-10-14,2010,10,42,6229
2010-10-15,2010,10,42,6572
2010-10-16,2010,10,42,4659
2010-10-17,2010,10,42,10659
2010-10-18,2010,10,42,9959
2010-10-19,2010,10,42,5947
2010-10-20,2010,10,42,4839
2010-10-21,2010,10,43,4304
2010-10-22,2010,10,43,4036
2010-10-23,2010,10,43,4023
2010-10-24,2010,10,43,7917
2010-10-25,2010,10,43,8230
2010-10-26,2010,10,43,6311
2010-10-27,2010,10,43,3997
2010-10-28,2010,10,44,4016
2010-10-29,2010,10,44,3691
2010-10-30,2010,10,44,3466
2010-10-31,2010,10,44,9996
2010-11-01,2010,11,44,10046
2010-11-02,2010,11,44,7726
2010-11-03,2010,11,44,4551
2010-11-04,2010,11,45,4741
2010-11-05,2010,11,45,4965
2010-11-06,2010,11,45,4201
2010-11-07,2010,11,45,6106
2010-11-08,2010,11,45,6649
2010-11-09,2010,11,45,4773
2010-11-10,2010,11,45,3798
2010-11-11,2010,11,46,4566
2010-11-12,2010,11,46,4309
2010-11-13,2010,11,46,3369
2010-11-14,2010,11,46,5457
2010-11-15,2010,11,46,44608
2010-11-16,2010,11,46,9844
2010-11-17,2010,11,46,5236
2010-11-18,2010,11,47,6252
2010-11-19,2010,11,47,5795
2010-11-20,2010,11,47,6013
2010-11-21,2010,11,47,13732
2010-11-22,2010,11,47,17693
2010-11-23,2010,11,47,6831
2010-11-24,2010,11,47,5059
2010-11-25,2010,11,48,31762
2010-11-26,2010,11,48,15020
2010-11-27,2010,11,48,8139
2010-11-28,2010,11,48,7033
2010-11-29,2010,11,48,9266
2010-11-30,2010,11,48,10748
2010-12-01,2010,12,48,10965
2010-12-02,2010,12,49,7055
2010-12-03,2010,12,49,7709
2010-12-04,2010,12,49,8180
2010-12-05,2010,12,49,8551
2010-12-06,2010,12,49,9912
2010-12-07,2010,12,49,55212
2010-12-08,2010,12,49,13058
2010-12-09,2010,12,50,10901
2010-12-10,2010,12,50,10275
2010-12-11,2010,12,50,6601
2010-12-12,2010,12,50,11819
2010-12-13,2010,12,50,22719
2010-12-14,2010,12,50,15227
2010-12-15,2010,12,50,10500
2010-12-16,2010,12,51,7555
2010-12-17,2010,12,51,7886
2010-12-18,2010,12,51,6564
2010-12-19,2010,12,51,7724
2010-12-20,2010,12,51,36583
2010-12-21,2010,12,51,12565
2010-12-22,2010,12,51,8632
2010-12-23,2010,12,52,7209
2010-12-24,2010,12,52,8062
2010-12-25,2010,12,52,5781
2010-12-26,2010,12,52,12036
2010-12-27,2010,12,52,17085
2010-12-28,2010,12,52,12449
2010-12-29,2010,12,52,13306
2010-12-30,2010,12,53,7940
2010-12-31,2010,12,53,7401
2011-01-01,2011,1,1,8574
2011-01-02,2011,1,1,17140
2011-01-03,2011,1,1,21447
2011-01-04,2011,1,1,11526
2011-01-05,2011,1,1,10676
2011-01-06,2011,1,1,9877
2011-01-07,2011,1,2,11954
2011-01-08,2011,1,2,9335
2011-01-09,2011,1,2,23798
2011-01-10,2011,1,2,15738
2011-01-11,2011,1,2,12907
2011-01-12,2011,1,2,14772
2011-01-13,2011,1,2,18182
2011-01-14,2011,1,3,13532
2011-01-15,2011,1,3,11981
2011-01-16,2011,1,3,44362
2011-01-17,2011,1,3,65221
2011-01-18,2011,1,3,16211
2011-01-19,2011,1,3,11126
2011-01-20,2011,1,3,9722
2011-01-21,2011,1,4,7605
2011-01-22,2011,1,4,6865
2011-01-23,2011,1,4,9935
2011-01-24,2011,1,4,19856
2011-01-25,2011,1,4,9276
2011-01-26,2011,1,4,7037
2011-01-27,2011,1,4,6363
2011-01-28,2011,1,5,5463
2011-01-29,2011,1,5,4389
2011-01-30,2011,1,5,5538
2011-01-31,2011,1,5,12822
2011-02-01,2011,2,5,5977
2011-02-02,2011,2,5,8417
2011-02-03,2011,2,5,8693
2011-02-04,2011,2,6,7083
2011-02-05,2011,2,6,6672
2011-02-06,2011,2,6,15593
2011-02-07,2011,2,6,33117
2011-02-08,2011,2,6,10512
2011-02-09,2011,2,6,6566
2011-02-10,2011,2,6,5337
2011-02-11,2011,2,7,4327
2011-02-12,2011,2,7,3982
2011-02-13,2011,2,7,3578
2011-02-14,2011,2,7,3846
2011-02-15,2011,2,7,3258
2011-02-16,2011,2,7,3414
2011-02-17,2011,2,7,3168
2011-02-18,2011,2,8,2995
2011-02-19,2011,2,8,2582
2011-02-20,2011,2,8,2895
2011-02-21,2011,2,8,3179
2011-02-22,2011,2,8,3166
2011-02-23,2011,2,8,4157
2011-02-24,2011,2,8,3806
2011-02-25,2011,2,9,3432
2011-02-26,2011,2,9,2674
2011-02-27,2011,2,9,2824
2011-02-28,2011,2,9,3057
2011-03-01,2011,3,9,2751
2011-03-02,2011,3,9,3168
2011-03-03,2011,3,9,2782
2011-03-04,2011,3,10,2466
2011-03-05,2011,3,10,2326
2011-03-06,2011,3,10,2959
2011-03-07,2011,3,10,6822
2011-03-08,2011,3,10,9145
2011-03-09,2011,3,10,6314
2011-03-10,2011,3,10,5004
2011-03-11,2011,3,11,3031
2011-03-12,2011,3,11,3899
2011-03-13,2011,3,11,4246
2011-03-14,2011,3,11,3890
2011-03-15,2011,3,11,2756
2011-03-16,2011,3,11,2447
2011-03-17,2011,3,11,2685
2011-03-18,2011,3,12,2395
2011-03-19,2011,3,12,2162
2011-03-20,2011,3,12,2483
2011-03-21,2011,3,12,2687
2011-03-22,2011,3,12,2670
2011-03-23,2011,3,12,2899
2011-03-24,2011,3,12,2916
2011-03-25,2011,3,13,2721
2011-03-26,2011,3,13,2625
2011-03-27,2011,3,13,2318
2011-03-28,2011,3,13,2594
2011-03-29,2011,3,13,2376
2011-03-30,2011,3,13,2542
2011-03-31,2011,3,13,2562
2011-04-01,2011,4,14,2467
2011-04-02,2011,4,14,2525
2011-04-03,2011,4,14,2562
2011-04-04,2011,4,14,2572
2011-04-05,2011,4,14,3127
2011-04-06,2011,4,14,3414
2011-04-07,2011,4,14,3158
2011-04-08,2011,4,15,2959
2011-04-09,2011,4,15,2830
2011-04-10,2011,4,15,6606
2011-04-11,2011,4,15,12578
2011-04-12,2011,4,15,13820
2011-04-13,2011,4,15,18230
2011-04-14,2011,4,15,5891
2011-04-15,2011,4,16,3508
2011-04-16,2011,4,16,3103
2011-04-17,2011,4,16,3794
2011-04-18,2011,4,16,4567
2011-04-19,2011,4,16,3714
2011-04-20,2011,4,16,3493
2011-04-21,2011,4,16,4598
2011-04-22,2011,4,17,3664
2011-04-23,2011,4,17,4645
2011-04-24,2011,4,17,3847
2011-04-25,2011,4,17,5526
2011-04-26,2011,4,17,4354
2011-04-27,2011,4,17,4220
2011-04-28,2011,4,17,5036
2011-04-29,2011,4,18,8550
2011-04-30,2011,4,18,14453
2011-05-01,2011,5,18,7806
2011-05-02,2011,5,18,5660
2011-05-03,2011,5,18,4594
2011-05-04,2011,5,18,4464
2011-05-05,2011,5,18,3690
2011-05-06,2011,5,19,3340
2011-05-07,2011,5,19,3301
2011-05-08,2011,5,19,3088
2011-05-09,2011,5,19,3484
2011-05-10,2011,5,19,3563
2011-05-11,2011,5,19,5194
2011-05-12,2011,5,19,3675
2011-05-13,2011,5,20,3434
2011-05-14,2011,5,20,3191
2011-05-15,2011,5,20,3198
2011-05-16,2011,5,20,3294
2011-05-17,2011,5,20,3338
2011-05-18,2011,5,20,3039
2011-05-19,2011,5,20,2881
2011-05-20,2011,5,21,2701
2011-05-21,2011,5,21,2212
2011-05-22,2011,5,21,2609
2011-05-23,2011,5,21,3384
2011-05-24,2011,5,21,3576
2011-05-25,2011,5,21,4441
2011-05-26,2011,5,21,2885
2011-05-27,2011,5,22,2427
2011-05-28,2011,5,22,2308
2011-05-29,2011,5,22,2761
2011-05-30,2011,5,22,2866
2011-05-31,2011,5,22,3012
2011-06-01,2011,6,22,2914
2011-06-02,2011,6,22,3315
2011-06-03,2011,6,23,4554
2011-06-04,2011,6,23,4497
2011-06-05,2011,6,23,3418
2011-06-06,2011,6,23,3206
2011-06-07,2011,6,23,2756
2011-06-08,2011,6,23,2814
2011-06-09,2011,6,23,2379
2011-06-10,2011,6,24,2435
2011-06-11,2011,6,24,1939
2011-06-12,2011,6,24,2454
2011-06-13,2011,6,24,4998
2011-06-14,2011,6,24,2360
2011-06-15,2011,6,24,4287
2011-06-16,2011,6,24,2953
2011-06-17,2011,6,25,2556
2011-06-18,2011,6,25,2294
2011-06-19,2011,6,25,3522
2011-06-20,2011,6,25,3008
2011-06-21,2011,6,25,2767
2011-06-22,2011,6,25,2962
2011-06-23,2011,6,25,2578
2011-06-24,2011,6,26,2506
2011-06-25,2011,6,26,2337
2011-06-26,2011,6,26,4106
2011-06-27,2011,6,26,3238
2011-06-28,2011,6,26,2844
2011-06-29,2011,6,26,3019
2011-06-30,2011,6,26,2582
2011-07-01,2011,7,27,2349
2011-07-02,2011,7,27,2406
2011-07-03,2011,7,27,2159
2011-07-04,2011,7,27,4844
2011-07-05,2011,7,27,3712
2011-07-06,2011,7,27,2948
2011-07-07,2011,7,27,2820
2011-07-08,2011,7,28,2857
2011-07-09,2011,7,28,2771
2011-07-10,2011,7,28,2478
2011-07-11,2011,7,28,3361
2011-07-12,2011,7,28,2929
2011-07-13,2011,7,28,3061
2011-07-14,2011,7,28,3541
2011-07-15,2011,7,29,3043
2011-07-16,2011,7,29,2604
2011-07-17,2011,7,29,2608
2011-07-18,2011,7,29,3084
2011-07-19,2011,7,29,3202
2011-07-20,2011,7,29,3898
2011-07-21,2011,7,29,3076
2011-07-22,2011,7,30,2914
2011-07-23,2011,7,30,2991
2011-07-24,2011,7,30,2693
2011-07-25,2011,7,30,3450
2011-07-26,2011,7,30,4504
2011-07-27,2011,7,30,4299
2011-07-28,2011,7,30,4769
2011-07-29,2011,7,31,8370
2011-07-30,2011,7,31,6200
2011-07-31,2011,7,31,5882
2011-08-01,2011,8,31,5848
2011-08-02,2011,8,31,6212
2011-08-03,2011,8,31,8851
2011-08-04,2011,8,31,6304
2011-08-05,2011,8,32,4959
2011-08-06,2011,8,32,4351
2011-08-07,2011,8,32,4135
2011-08-08,2011,8,32,4071
2011-08-09,2011,8,32,4594
2011-08-10,2011,8,32,4695
2011-08-11,2011,8,32,4973
2011-08-12,2011,8,33,7611
2011-08-13,2011,8,33,5010
2011-08-14,2011,8,33,4381
2011-08-15,2011,8,33,4366
2011-08-16,2011,8,33,4987
2011-08-17,2011,8,33,5516
2011-08-18,2011,8,33,5184
2011-08-19,2011,8,34,7212
2011-08-20,2011,8,34,4591
2011-08-21,2011,8,34,5286
2011-08-22,2011,8,34,6808
2011-08-23,2011,8,34,9175
2011-08-24,2011,8,34,7491
2011-08-25,2011,8,34,5757
2011-08-26,2011,8,35,4984
2011-08-27,2011,8,35,4670
2011-08-28,2011,8,35,8611
2011-08-29,2011,8,35,4180
2011-08-30,2011,8,35,4648
2011-08-31,2011,8,35,3891
2011-09-01,2011,9,35,3914
2011-09-02,2011,9,36,0
2011-09-03,2011,9,36,4259
2011-09-04,2011,9,36,4225
2011-09-05,2011,9,36,3831
2011-09-06,2011,9,36,4668
2011-09-07,2011,9,36,4595
2011-09-08,2011,9,36,5517
2011-09-09,2011,9,37,8507
2011-09-10,2011,9,37,5939
2011-09-11,2011,9,37,8165
2011-09-12,2011,9,37,10189
2011-09-13,2011,9,37,54791
2011-09-14,2011,9,37,11141
2011-09-15,2011,9,37,10358
2011-09-16,2011,9,38,8351
2011-09-17,2011,9,38,9188
2011-09-18,2011,9,38,16533
2011-09-19,2011,9,38,20983
2011-09-20,2011,9,38,9985
2011-09-21,2011,9,38,6807
2011-09-22,2011,9,38,7662
2011-09-23,2011,9,39,9697
2011-09-24,2011,9,39,8655
2011-09-25,2011,9,39,13736
2011-09-26,2011,9,39,13448
2011-09-27,2011,9,39,7697
2011-09-28,2011,9,39,5605
2011-09-29,2011,9,39,9164
2011-09-30,2011,9,40,6908
2011-10-01,2011,10,40,6849
2011-10-02,2011,10,40,15118
2011-10-03,2011,10,40,13404
2011-10-04,2011,10,40,8192
2011-10-05,2011,10,40,6520
2011-10-06,2011,10,40,5268
2011-10-07,2011,10,41,5514
2011-10-08,2011,10,41,5781
2011-10-09,2011,10,41,14987
2011-10-10,2011,10,41,12843
2011-10-11,2011,10,41,7652
2011-10-12,2011,10,41,5511
2011-10-13,2011,10,41,5365
2011-10-14,2011,10,42,5683
2011-10-15,2011,10,42,5600
2011-10-16,2011,10,42,16591
2011-10-17,2011,10,42,19998
2011-10-18,2011,10,42,8886
2011-10-19,2011,10,42,7200
2011-10-20,2011,10,42,0
2011-10-21,2011,10,43,6034
2011-10-22,2011,10,43,4354
2011-10-23,2011,10,43,0
2011-10-24,2011,10,43,8272
2011-10-25,2011,10,43,5890
2011-10-26,2011,10,43,6526
2011-10-27,2011,10,43,7303
2011-10-28,2011,10,44,6122
2011-10-29,2011,10,44,5993
2011-10-30,2011,10,44,10785
2011-10-31,2011,10,44,12117
2011-11-01,2011,11,44,7629
2011-11-02,2011,11,44,5688
2011-11-03,2011,11,44,5891
2011-11-04,2011,11,45,5462
2011-11-05,2011,11,45,4911
2011-11-06,2011,11,45,13236
2011-11-07,2011,11,45,22392
2011-11-08,2011,11,45,8053
2011-11-09,2011,11,45,5546
2011-11-10,2011,11,45,5651
2011-11-11,2011,11,46,5989
2011-11-12,2011,11,46,5140
2011-11-13,2011,11,46,7481
2011-11-14,2011,11,46,34065
2011-11-15,2011,11,46,10985
2011-11-16,2011,11,46,6307
2011-11-17,2011,11,46,5965
2011-11-18,2011,11,47,6427
2011-11-19,2011,11,47,5320
2011-11-20,2011,11,47,7338
2011-11-21,2011,11,47,8087
2011-11-22,2011,11,47,24886
2011-11-23,2011,11,47,6172
2011-11-24,2011,11,47,17317
2011-11-25,2011,11,48,7555
2011-11-26,2011,11,48,6747
2011-11-27,2011,11,48,17101
2011-11-28,2011,11,48,21142
2011-11-29,2011,11,48,11215
2011-11-30,2011,11,48,9809
2011-12-01,2011,12,48,8176
2011-12-02,2011,12,49,8277
2011-12-03,2011,12,49,7172
2011-12-04,2011,12,49,11474
2011-12-05,2011,12,49,11585
2011-12-06,2011,12,49,8354
2011-12-07,2011,12,49,6513
2011-12-08,2011,12,49,7657
2011-12-09,2011,12,50,6911
2011-12-10,2011,12,50,5564
2011-12-11,2011,12,50,12814
2011-12-12,2011,12,50,16608
2011-12-13,2011,12,50,9220
2011-12-14,2011,12,50,7664
2011-12-15,2011,12,50,9672
2011-12-16,2011,12,51,8172
2011-12-17,2011,12,51,7138
2011-12-18,2011,12,51,22621
2011-12-19,2011,12,51,28879
2011-12-20,2011,12,51,17771
2011-12-21,2011,12,51,11973
2011-12-22,2011,12,51,7916
2011-12-23,2011,12,52,733
2011-12-24,2011,12,52,0
2011-12-25,2011,12,52,0
2011-12-26,2011,12,52,3452
2011-12-27,2011,12,52,16901
2011-12-28,2011,12,52,10177
2011-12-29,2011,12,52,7385
2011-12-30,2011,12,53,7169
2011-12-31,2011,12,53,6286
2012-01-01,2012,1,1,14930
2012-01-02,2012,1,1,17372
2012-01-03,2012,1,1,11421
2012-01-04,2012,1,1,10064
2012-01-05,2012,1,1,9553
2012-01-06,2012,1,1,8071
2012-01-07,2012,1,2,9657
2012-01-08,2012,1,2,19017
2012-01-09,2012,1,2,21327
2012-01-10,2012,1,2,13849
2012-01-11,2012,1,2,12370
2012-01-12,2012,1,2,11652
2012-01-13,2012,1,2,18904
2012-01-14,2012,1,3,24953
2012-01-15,2012,1,3,197914
2012-01-16,2012,1,3,41226
2012-01-17,2012,1,3,21825
2012-01-18,2012,1,3,17222
2012-01-19,2012,1,3,17169
2012-01-20,2012,1,3,18005
2012-01-21,2012,1,4,23635
2012-01-22,2012,1,4,100168
2012-01-23,2012,1,4,127559
2012-01-24,2012,1,4,41068
2012-01-25,2012,1,4,29602
2012-01-26,2012,1,4,23158
2012-01-27,2012,1,4,21346
2012-01-28,2012,1,5,16268
2012-01-29,2012,1,5,18083
2012-01-30,2012,1,5,33017
2012-01-31,2012,1,5,24242
2012-02-01,2012,2,5,28915
2012-02-02,2012,2,5,43371
2012-02-03,2012,2,5,54748
2012-02-04,2012,2,6,45790
2012-02-05,2012,2,6,139891
2012-02-06,2012,2,6,592980
2012-02-07,2012,2,6,96776
2012-02-08,2012,2,6,46200
2012-02-09,2012,2,6,29769
2012-02-10,2012,2,6,22909
2012-02-11,2012,2,7,18742
2012-02-12,2012,2,7,12475
2012-02-13,2012,2,7,9557
2012-02-14,2012,2,7,7988
2012-02-15,2012,2,7,7474
2012-02-16,2012,2,7,6850
2012-02-17,2012,2,7,6243
2012-02-18,2012,2,8,6214
2012-02-19,2012,2,8,6762
2012-02-20,2012,2,8,6417
2012-02-21,2012,2,8,6573
2012-02-22,2012,2,8,7611
2012-02-23,2012,2,8,5927
2012-02-24,2012,2,8,5163
2012-02-25,2012,2,9,5525
2012-02-26,2012,2,9,5192
2012-02-27,2012,2,9,6065
2012-02-28,2012,2,9,4979
2012-02-29,2012,2,9,4935
2012-03-01,2012,3,9,5340
2012-03-02,2012,3,9,5428
2012-03-03,2012,3,10,5480
2012-03-04,2012,3,10,4689
2012-03-05,2012,3,10,4281
2012-03-06,2012,3,10,4284
2012-03-07,2012,3,10,8490
2012-03-08,2012,3,10,7045
2012-03-09,2012,3,10,5444
2012-03-10,2012,3,11,4939
2012-03-11,2012,3,11,5629
2012-03-12,2012,3,11,5072
2012-03-13,2012,3,11,4660
2012-03-14,2012,3,11,4094
2012-03-15,2012,3,11,3716
2012-03-16,2012,3,11,3599
2012-03-17,2012,3,12,3264
2012-03-18,2012,3,12,3648
2012-03-19,2012,3,12,6087
2012-03-20,2012,3,12,7154
2012-03-21,2012,3,12,6651
2012-03-22,2012,3,12,5009
2012-03-23,2012,3,12,3870
2012-03-24,2012,3,13,2686
2012-03-25,2012,3,13,3300
2012-03-26,2012,3,13,3914
2012-03-27,2012,3,13,3598
2012-03-28,2012,3,13,3300
2012-03-29,2012,3,13,4954
2012-03-30,2012,3,13,10461
2012-03-31,2012,3,14,6725
2012-04-01,2012,4,14,5670
2012-04-02,2012,4,14,5526
2012-04-03,2012,4,14,5066
2012-04-04,2012,4,14,4444
2012-04-05,2012,4,14,4787
2012-04-06,2012,4,14,3815
2012-04-07,2012,4,15,3373
2012-04-08,2012,4,15,3133
2012-04-09,2012,4,15,3695
2012-04-10,2012,4,15,3554
2012-04-11,2012,4,15,3621
2012-04-12,2012,4,15,3668
2012-04-13,2012,4,15,3643
2012-04-14,2012,4,16,3037
2012-04-15,2012,4,16,3169
2012-04-16,2012,4,16,4171
2012-04-17,2012,4,16,4051
2012-04-18,2012,4,16,4106
2012-04-19,2012,4,16,4343
2012-04-20,2012,4,16,4192
2012-04-21,2012,4,17,2856
2012-04-22,2012,4,17,3476
2012-04-23,2012,4,17,4117
2012-04-24,2012,4,17,3920
2012-04-25,2012,4,17,3765
2012-04-26,2012,4,17,4691
2012-04-27,2012,4,17,7707
2012-04-28,2012,4,18,6429
2012-04-29,2012,4,18,6465
2012-04-30,2012,4,18,0
2012-05-01,2012,5,18,3967
2012-05-02,2012,5,18,3810
2012-05-03,2012,5,18,3978
2012-05-04,2012,5,18,3173
2012-05-05,2012,5,19,3097
2012-05-06,2012,5,19,3333
2012-05-07,2012,5,19,4043
2012-05-08,2012,5,19,5579
2012-05-09,2012,5,19,5692
2012-05-10,2012,5,19,3921
2012-05-11,2012,5,19,3478
2012-05-12,2012,5,20,3036
2012-05-13,2012,5,20,3345
2012-05-14,2012,5,20,4012
2012-05-15,2012,5,20,3700
2012-05-16,2012,5,20,3493
2012-05-17,2012,5,20,3701
2012-05-18,2012,5,20,3685
2012-05-19,2012,5,21,2730
2012-05-20,2012,5,21,2706
2012-05-21,2012,5,21,3283
2012-05-22,2012,5,21,3884
2012-05-23,2012,5,21,5556
2012-05-24,2012,5,21,4097
2012-05-25,2012,5,21,3690
2012-05-26,2012,5,22,2827
2012-05-27,2012,5,22,3377
2012-05-28,2012,5,22,3013
2012-05-29,2012,5,22,4867
2012-05-30,2012,5,22,6296
2012-05-31,2012,5,22,4345
2012-06-01,2012,6,22,4684
2012-06-02,2012,6,23,4122
2012-06-03,2012,6,23,3654
2012-06-04,2012,6,23,3462
2012-06-05,2012,6,23,3501
2012-06-06,2012,6,23,3891
2012-06-07,2012,6,23,5172
2012-06-08,2012,6,23,4262
2012-06-09,2012,6,24,3200
2012-06-10,2012,6,24,3629
2012-06-11,2012,6,24,3429
2012-06-12,2012,6,24,3453
2012-06-13,2012,6,24,3087
2012-06-14,2012,6,24,3312
2012-06-15,2012,6,24,3781
2012-06-16,2012,6,25,3799
2012-06-17,2012,6,25,3795
2012-06-18,2012,6,25,4759
2012-06-19,2012,6,25,3604
2012-06-20,2012,6,25,3681
2012-06-21,2012,6,25,3773
2012-06-22,2012,6,25,3855
2012-06-23,2012,6,26,2801
2012-06-24,2012,6,26,3105
2012-06-25,2012,6,26,3317
2012-06-26,2012,6,26,3261
2012-06-27,2012,6,26,3095
2012-06-28,2012,6,26,4110
2012-06-29,2012,6,26,2804
2012-06-30,2012,6,27,2660
2012-07-01,2012,7,27,2898
2012-07-02,2012,7,27,2847
2012-07-03,2012,7,27,3052
2012-07-04,2012,7,27,3354
2012-07-05,2012,7,27,3236
2012-07-06,2012,7,27,3267
2012-07-07,2012,7,28,2984
2012-07-08,2012,7,28,3104
2012-07-09,2012,7,28,3897
2012-07-10,2012,7,28,3454
2012-07-11,2012,7,28,3725
2012-07-12,2012,7,28,3923
2012-07-13,2012,7,28,3646
2012-07-14,2012,7,29,3555
2012-07-15,2012,7,29,4060
2012-07-16,2012,7,29,3442
2012-07-17,2012,7,29,3501
2012-07-18,2012,7,29,3541
2012-07-19,2012,7,29,3365
2012-07-20,2012,7,29,3527
2012-07-21,2012,7,30,3281
2012-07-22,2012,7,30,3171
2012-07-23,2012,7,30,3538
2012-07-24,2012,7,30,4081
2012-07-25,2012,7,30,5484
2012-07-26,2012,7,30,5587
2012-07-27,2012,7,30,4519
2012-07-28,2012,7,31,3588
2012-07-29,2012,7,31,4139
2012-07-30,2012,7,31,3533
2012-07-31,2012,7,31,3529
2012-08-01,2012,8,31,3448
2012-08-02,2012,8,31,3553
2012-08-03,2012,8,31,7078
2012-08-04,2012,8,32,4670
2012-08-05,2012,8,32,3647
2012-08-06,2012,8,32,4122
2012-08-07,2012,8,32,4750
2012-08-08,2012,8,32,5640
2012-08-09,2012,8,32,7607
2012-08-10,2012,8,32,5940
2012-08-11,2012,8,33,4426
2012-08-12,2012,8,33,5363
2012-08-13,2012,8,33,5049
2012-08-14,2012,8,33,5423
2012-08-15,2012,8,33,4478
2012-08-16,2012,8,33,4579
2012-08-17,2012,8,33,5845
2012-08-18,2012,8,34,4651
2012-08-19,2012,8,34,5043
2012-08-20,2012,8,34,6367
2012-08-21,2012,8,34,8820
2012-08-22,2012,8,34,5164
2012-08-23,2012,8,34,4805
2012-08-24,2012,8,34,5073
2012-08-25,2012,8,35,5921
2012-08-26,2012,8,35,5855
2012-08-27,2012,8,35,6485
2012-08-28,2012,8,35,6089
2012-08-29,2012,8,35,5409
2012-08-30,2012,8,35,6731
2012-08-31,2012,8,35,7780
2012-09-01,2012,9,36,7150
2012-09-02,2012,9,36,8320
2012-09-03,2012,9,36,5626
2012-09-04,2012,9,36,5731
2012-09-05,2012,9,36,6237
2012-09-06,2012,9,36,9880
2012-09-07,2012,9,36,6020
2012-09-08,2012,9,37,5565
2012-09-09,2012,9,37,16055
2012-09-10,2012,9,37,20187
2012-09-11,2012,9,37,10321
2012-09-12,2012,9,37,6045
2012-09-13,2012,9,37,6636
2012-09-14,2012,9,37,7173
2012-09-15,2012,9,38,6163
2012-09-16,2012,9,38,13082
2012-09-17,2012,9,38,9906
2012-09-18,2012,9,38,8532
2012-09-19,2012,9,38,5471
2012-09-20,2012,9,38,5390
2012-09-21,2012,9,38,6583
2012-09-22,2012,9,39,4825
2012-09-23,2012,9,39,9290
2012-09-24,2012,9,39,38273
2012-09-25,2012,9,39,7146
2012-09-26,2012,9,39,5548
2012-09-27,2012,9,39,5600
2012-09-28,2012,9,39,5970
2012-09-29,2012,9,40,5214
2012-09-30,2012,9,40,13622
2012-10-01,2012,10,40,10589
2012-10-02,2012,10,40,8762
2012-10-03,2012,10,40,6476
2012-10-04,2012,10,40,5863
2012-10-05,2012,10,40,7188
2012-10-06,2012,10,41,5963
2012-10-07,2012,10,41,17785
2012-10-08,2012,10,41,20713
2012-10-09,2012,10,41,9645
2012-10-10,2012,10,41,6444
2012-10-11,2012,10,41,6167
2012-10-12,2012,10,41,6079
2012-10-13,2012,10,42,5390
2012-10-14,2012,10,42,10241
2012-10-15,2012,10,42,12131
2012-10-16,2012,10,42,10191
2012-10-17,2012,10,42,5136
2012-10-18,2012,10,42,5676
2012-10-19,2012,10,42,6092
2012-10-20,2012,10,43,4995
2012-10-21,2012,10,43,15193
2012-10-22,2012,10,43,15882
2012-10-23,2012,10,43,7261
2012-10-24,2012,10,43,5605
2012-10-25,2012,10,43,5336
2012-10-26,2012,10,43,6748
2012-10-27,2012,10,44,5964
2012-10-28,2012,10,44,12333
2012-10-29,2012,10,44,13035
2012-10-30,2012,10,44,6582
2012-10-31,2012,10,44,5087
2012-11-01,2012,11,44,5490
2012-11-02,2012,11,44,5361
2012-11-03,2012,11,45,5187
2012-11-04,2012,11,45,8633
2012-11-05,2012,11,45,13064
2012-11-06,2012,11,45,8260
2012-11-07,2012,11,45,4647
2012-11-08,2012,11,45,5781
2012-11-09,2012,11,45,6378
2012-11-10,2012,11,46,4669
2012-11-11,2012,11,46,9044
2012-11-12,2012,11,46,7544
2012-11-13,2012,11,46,6560
2012-11-14,2012,11,46,5081
2012-11-15,2012,11,46,5656
2012-11-16,2012,11,46,5607
2012-11-17,2012,11,47,4719
2012-11-18,2012,11,47,11160
2012-11-19,2012,11,47,20399
2012-11-20,2012,11,47,8073
2012-11-21,2012,11,47,5840
2012-11-22,2012,11,47,7303
2012-11-23,2012,11,47,36139
2012-11-24,2012,11,48,7739
2012-11-25,2012,11,48,9781
2012-11-26,2012,11,48,12660
2012-11-27,2012,11,48,9034
2012-11-28,2012,11,48,6870
2012-11-29,2012,11,48,7161
2012-11-30,2012,11,48,10274
2012-12-01,2012,12,49,7502
2012-12-02,2012,12,49,16328
2012-12-03,2012,12,49,13079
2012-12-04,2012,12,49,10558
2012-12-05,2012,12,49,8813
2012-12-06,2012,12,49,7977
2012-12-07,2012,12,49,22264
2012-12-08,2012,12,50,13403
2012-12-09,2012,12,50,14001
2012-12-10,2012,12,50,18313
2012-12-11,2012,12,50,84191
2012-12-12,2012,12,50,18802
2012-12-13,2012,12,50,13059
2012-12-14,2012,12,50,8388
2012-12-15,2012,12,51,8282
2012-12-16,2012,12,51,11616
2012-12-17,2012,12,51,50612
2012-12-18,2012,12,51,10464
2012-12-19,2012,12,51,7759
2012-12-20,2012,12,51,7099
2012-12-21,2012,12,51,6356
2012-12-22,2012,12,52,5629
2012-12-23,2012,12,52,12241
2012-12-24,2012,12,52,11517
2012-12-25,2012,12,52,6347
2012-12-26,2012,12,52,5847
2012-12-27,2012,12,52,9214
2012-12-28,2012,12,52,7126
2012-12-29,2012,12,53,5811
2012-12-30,2012,12,53,12346
2012-12-31,2012,12,53,20120
2013-01-01,2013,1,1,9555
2013-01-02,2013,1,1,10328
2013-01-03,2013,1,1,10133
2013-01-04,2013,1,1,9333
2013-01-05,2013,1,1,10832
2013-01-06,2013,1,1,21667
2013-01-07,2013,1,2,14331
2013-01-08,2013,1,2,10724
2013-01-09,2013,1,2,9613
2013-01-10,2013,1,2,10619
2013-01-11,2013,1,2,10852
2013-01-12,2013,1,2,14772
2013-01-13,2013,1,2,69515
2013-01-14,2013,1,3,87147
2013-01-15,2013,1,3,22883
2013-01-16,2013,1,3,17582
2013-01-17,2013,1,3,19100
2013-01-18,2013,1,3,17478
2013-01-19,2013,1,3,15001
2013-01-20,2013,1,3,31132
2013-01-21,2013,1,4,229137
2013-01-22,2013,1,4,27947
2013-01-23,2013,1,4,14642
2013-01-24,2013,1,4,11637
2013-01-25,2013,1,4,14736
2013-01-26,2013,1,4,11376
2013-01-27,2013,1,4,10096
2013-01-28,2013,1,5,11685
2013-01-29,2013,1,5,8605
2013-01-30,2013,1,5,8748
2013-01-31,2013,1,5,9130
2013-02-01,2013,2,5,9263
2013-02-02,2013,2,5,9366
2013-02-03,2013,2,5,15524
2013-02-04,2013,2,6,38288
2013-02-05,2013,2,6,11969
2013-02-06,2013,2,6,8470
2013-02-07,2013,2,6,7259
2013-02-08,2013,2,6,9033
2013-02-09,2013,2,6,9084
2013-02-10,2013,2,6,6817
2013-02-11,2013,2,7,6335
2013-02-12,2013,2,7,5638
2013-02-13,2013,2,7,4832
2013-02-14,2013,2,7,4250
2013-02-15,2013,2,7,4266
2013-02-16,2013,2,7,4180
2013-02-17,2013,2,7,4844
2013-02-18,2013,2,8,4725
2013-02-19,2013,2,8,5586
2013-02-20,2013,2,8,5353
2013-02-21,2013,2,8,5756
2013-02-22,2013,2,8,5912
2013-02-23,2013,2,8,4810
2013-02-24,2013,2,8,4740
2013-02-25,2013,2,9,7755
2013-02-26,2013,2,9,19009
2013-02-27,2013,2,9,8782
2013-02-28,2013,2,9,6358
2013-03-01,2013,3,9,4558
2013-03-02,2013,3,9,5520
2013-03-03,2013,3,9,4487
2013-03-04,2013,3,10,5480
2013-03-05,2013,3,10,4594
2013-03-06,2013,3,10,4092
2013-03-07,2013,3,10,4279
2013-03-08,2013,3,10,4217
2013-03-09,2013,3,10,4112
2013-03-10,2013,3,10,3982
2013-03-11,2013,3,11,4180
2013-03-12,2013,3,11,4821
2013-03-13,2013,3,11,5152
2013-03-14,2013,3,11,7064
2013-03-15,2013,3,11,5373
2013-03-16,2013,3,11,4072
2013-03-17,2013,3,11,3753
2013-03-18,2013,3,12,3629
2013-03-19,2013,3,12,4207
2013-03-20,2013,3,12,4774
2013-03-21,2013,3,12,4364
2013-03-22,2013,3,12,3515
2013-03-23,2013,3,12,3849
2013-03-24,2013,3,12,4632
2013-03-25,2013,3,13,3998
2013-03-26,2013,3,13,4478
2013-03-27,2013,3,13,4750
2013-03-28,2013,3,13,4518
2013-03-29,2013,3,13,4312
2013-03-30,2013,3,13,4184
2013-03-31,2013,3,13,4436
2013-04-01,2013,4,14,4506
2013-04-02,2013,4,14,4143
2013-04-03,2013,4,14,3931
2013-04-04,2013,4,14,3452
2013-04-05,2013,4,14,3127
2013-04-06,2013,4,14,2792
2013-04-07,2013,4,14,2924
2013-04-08,2013,4,15,3438
2013-04-09,2013,4,15,3560
2013-04-10,2013,4,15,3318
2013-04-11,2013,4,15,3865
2013-04-12,2013,4,15,3206
2013-04-13,2013,4,15,3230
2013-04-14,2013,4,15,3714
2013-04-15,2013,4,16,4968
2013-04-16,2013,4,16,3960
2013-04-17,2013,4,16,3988
2013-04-18,2013,4,16,3244
2013-04-19,2013,4,16,3674
2013-04-20,2013,4,16,2693
2013-04-21,2013,4,16,3375
2013-04-22,2013,4,17,3766
2013-04-23,2013,4,17,4271
2013-04-24,2013,4,17,5389
2013-04-25,2013,4,17,5896
2013-04-26,2013,4,17,9845
2013-04-27,2013,4,17,8607
2013-04-28,2013,4,17,5593
2013-04-29,2013,4,18,6644
2013-04-30,2013,4,18,5402
2013-05-01,2013,5,18,4823
2013-05-02,2013,5,18,4329
2013-05-03,2013,5,18,4331
2013-05-04,2013,5,18,3490
2013-05-05,2013,5,18,3436
2013-05-06,2013,5,19,3872
2013-05-07,2013,5,19,4923
2013-05-08,2013,5,19,3964
2013-05-09,2013,5,19,3891
2013-05-10,2013,5,19,3998
2013-05-11,2013,5,19,3086
2013-05-12,2013,5,19,3472
2013-05-13,2013,5,20,3991
2013-05-14,2013,5,20,3998
2013-05-15,2013,5,20,3823
2013-05-16,2013,5,20,3587
2013-05-17,2013,5,20,3070
2013-05-18,2013,5,20,2908
2013-05-19,2013,5,20,3550
2013-05-20,2013,5,21,4160
2013-05-21,2013,5,21,3708
2013-05-22,2013,5,21,3346
2013-05-23,2013,5,21,3778
2013-05-24,2013,5,21,3663
2013-05-25,2013,5,21,2707
2013-05-26,2013,5,21,2708
2013-05-27,2013,5,22,3249
2013-05-28,2013,5,22,3771
2013-05-29,2013,5,22,3710
2013-05-30,2013,5,22,3762
2013-05-31,2013,5,22,3227
2013-06-01,2013,6,22,2713
2013-06-02,2013,6,22,3090
2013-06-03,2013,6,23,3358
2013-06-04,2013,6,23,3115
2013-06-05,2013,6,23,3444
2013-06-06,2013,6,23,3263
2013-06-07,2013,6,23,3209
2013-06-08,2013,6,23,2592
2013-06-09,2013,6,23,2699
2013-06-10,2013,6,24,6202
2013-06-11,2013,6,24,12411
2013-06-12,2013,6,24,6670
2013-06-13,2013,6,24,4533
2013-06-14,2013,6,24,3932
2013-06-15,2013,6,24,3372
2013-06-16,2013,6,24,3651
2013-06-17,2013,6,25,4563
2013-06-18,2013,6,25,3182
2013-06-19,2013,6,25,3677
2013-06-20,2013,6,25,5760
2013-06-21,2013,6,25,5083
2013-06-22,2013,6,25,3393
2013-06-23,2013,6,25,3272
2013-06-24,2013,6,26,3318
2013-06-25,2013,6,26,3588
2013-06-26,2013,6,26,4789
2013-06-27,2013,6,26,4939
2013-06-28,2013,6,26,4395
2013-06-29,2013,6,26,2984
2013-06-30,2013,6,26,2921
2013-07-01,2013,7,27,3119
2013-07-02,2013,7,27,3002
2013-07-03,2013,7,27,4766
2013-07-04,2013,7,27,2979
2013-07-05,2013,7,27,2683
2013-07-06,2013,7,27,2685
2013-07-07,2013,7,27,3333
2013-07-08,2013,7,28,4627
2013-07-09,2013,7,28,3500
2013-07-10,2013,7,28,3405
2013-07-11,2013,7,28,3801
2013-07-12,2013,7,28,3554
2013-07-13,2013,7,28,3048
2013-07-14,2013,7,28,2978
2013-07-15,2013,7,29,3193
2013-07-16,2013,7,29,3032
2013-07-17,2013,7,29,2786
2013-07-18,2013,7,29,3112
2013-07-19,2013,7,29,3296
2013-07-20,2013,7,29,3247
2013-07-21,2013,7,29,3001
2013-07-22,2013,7,30,3386
2013-07-23,2013,7,30,0
2013-07-24,2013,7,30,1735
2013-07-25,2013,7,30,3867
2013-07-26,2013,7,30,4736
2013-07-27,2013,7,30,3338
2013-07-28,2013,7,30,2785
2013-07-29,2013,7,31,3770
2013-07-30,2013,7,31,4004
2013-07-31,2013,7,31,3714
2013-08-01,2013,8,31,3085
2013-08-02,2013,8,31,3238
2013-08-03,2013,8,31,4875
2013-08-04,2013,8,31,4587
2013-08-05,2013,8,32,3984
2013-08-06,2013,8,32,3361
2013-08-07,2013,8,32,4215
2013-08-08,2013,8,32,3629
2013-08-09,2013,8,32,3976
2013-08-10,2013,8,32,5293
2013-08-11,2013,8,32,3462
2013-08-12,2013,8,33,3289
2013-08-13,2013,8,33,3414
2013-08-14,2013,8,33,8465
2013-08-15,2013,8,33,7821
2013-08-16,2013,8,33,4639
2013-08-17,2013,8,33,6993
2013-08-18,2013,8,33,3933
2013-08-19,2013,8,34,4169
2013-08-20,2013,8,34,4802
2013-08-21,2013,8,34,5597
2013-08-22,2013,8,34,5537
2013-08-23,2013,8,34,7996
2013-08-24,2013,8,34,4497
2013-08-25,2013,8,34,3974
2013-08-26,2013,8,35,3956
2013-08-27,2013,8,35,4185
2013-08-28,2013,8,35,3849
2013-08-29,2013,8,35,3620
2013-08-30,2013,8,35,4639
2013-08-31,2013,8,35,4802
2013-09-01,2013,9,35,4292
2013-09-02,2013,9,36,3803
2013-09-03,2013,9,36,4502
2013-09-04,2013,9,36,5454
2013-09-05,2013,9,36,7232
2013-09-06,2013,9,36,11963
2013-09-07,2013,9,36,5942
2013-09-08,2013,9,36,13201
2013-09-09,2013,9,37,9230
2013-09-10,2013,9,37,6587
2013-09-11,2013,9,37,4326
2013-09-12,2013,9,37,5713
2013-09-13,2013,9,37,18176
2013-09-14,2013,9,37,4794
2013-09-15,2013,9,37,6646
2013-09-16,2013,9,38,7886
2013-09-17,2013,9,38,5932
2013-09-18,2013,9,38,3808
2013-09-19,2013,9,38,4223
2013-09-20,2013,9,38,5629
2013-09-21,2013,9,38,4293
2013-09-22,2013,9,38,7074
2013-09-23,2013,9,39,6831
2013-09-24,2013,9,39,8602
2013-09-25,2013,9,39,5562
2013-09-26,2013,9,39,4283
2013-09-27,2013,9,39,3787
2013-09-28,2013,9,39,3181
2013-09-29,2013,9,39,5344
2013-09-30,2013,9,40,23064
2013-10-01,2013,10,40,8535
2013-10-02,2013,10,40,5429
2013-10-03,2013,10,40,5664
2013-10-04,2013,10,40,5112
2013-10-05,2013,10,40,3687
2013-10-06,2013,10,40,8992
2013-10-07,2013,10,41,8298
2013-10-08,2013,10,41,4707
2013-10-09,2013,10,41,3751
2013-10-10,2013,10,41,3876
2013-10-11,2013,10,41,4408
2013-10-12,2013,10,41,3433
2013-10-13,2013,10,41,12943
2013-10-14,2013,10,42,20891
2013-10-15,2013,10,42,7732
2013-10-16,2013,10,42,5375
2013-10-17,2013,10,42,5752
2013-10-18,2013,10,42,6775
2013-10-19,2013,10,42,4368
2013-10-20,2013,10,42,9795
2013-10-21,2013,10,43,9404
2013-10-22,2013,10,43,5871
2013-10-23,2013,10,43,3801
2013-10-24,2013,10,43,3986
2013-10-25,2013,10,43,5267
2013-10-26,2013,10,43,4868
2013-10-27,2013,10,43,7287
2013-10-28,2013,10,44,6820
2013-10-29,2013,10,44,5502
2013-10-30,2013,10,44,4847
2013-10-31,2013,10,44,5127
2013-11-01,2013,11,44,4293
2013-11-02,2013,11,44,3687
2013-11-03,2013,11,44,8132
2013-11-04,2013,11,45,15421
2013-11-05,2013,11,45,5142
2013-11-06,2013,11,45,5985
2013-11-07,2013,11,45,6974
2013-11-08,2013,11,45,5981
2013-11-09,2013,11,45,4599
2013-11-10,2013,11,45,5507
2013-11-11,2013,11,46,7586
2013-11-12,2013,11,46,5339
2013-11-13,2013,11,46,4871
2013-11-14,2013,11,46,4872
2013-11-15,2013,11,46,5774
2013-11-16,2013,11,46,5566
2013-11-17,2013,11,46,7621
2013-11-18,2013,11,47,17468
2013-11-19,2013,11,47,41960
2013-11-20,2013,11,47,8242
2013-11-21,2013,11,47,6979
2013-11-22,2013,11,47,8106
2013-11-23,2013,11,47,6379
2013-11-24,2013,11,47,7868
2013-11-25,2013,11,48,54639
2013-11-26,2013,11,48,12657
2013-11-27,2013,11,48,6622
2013-11-28,2013,11,48,6046
2013-11-29,2013,11,48,6189
2013-11-30,2013,11,48,5508
2013-12-01,2013,12,48,10000
2013-12-02,2013,12,49,11840
2013-12-03,2013,12,49,10188
2013-12-04,2013,12,49,6934
2013-12-05,2013,12,49,6363
2013-12-06,2013,12,49,7205
2013-12-07,2013,12,49,4880
2013-12-08,2013,12,49,8270
2013-12-09,2013,12,50,15084
2013-12-10,2013,12,50,9407
2013-12-11,2013,12,50,10399
2013-12-12,2013,12,50,8536
2013-12-13,2013,12,50,7208
2013-12-14,2013,12,50,4536
2013-12-15,2013,12,50,7954
2013-12-16,2013,12,51,7707
2013-12-17,2013,12,51,6049
2013-12-18,2013,12,51,5215
2013-12-19,2013,12,51,4921
2013-12-20,2013,12,51,4028
2013-12-21,2013,12,51,3412
2013-12-22,2013,12,51,7784
2013-12-23,2013,12,52,13058
2013-12-24,2013,12,52,6402
2013-12-25,2013,12,52,4194
2013-12-26,2013,12,52,4849
2013-12-27,2013,12,52,4796
2013-12-28,2013,12,52,5381
2013-12-29,2013,12,52,8316
2013-12-30,2013,12,53,11841
2013-12-31,2013,12,53,6235
2014-01-01,2014,1,1,4982
2014-01-02,2014,1,1,6197
2014-01-03,2014,1,1,6272
2014-01-04,2014,1,1,5754
2014-01-05,2014,1,1,2924
2014-01-06,2014,1,1,0
2014-01-07,2014,1,2,8822
2014-01-08,2014,1,2,7182
2014-01-09,2014,1,2,6876
2014-01-10,2014,1,2,7511
2014-01-11,2014,1,2,7809
2014-01-12,2014,1,2,62110
2014-01-13,2014,1,2,33563
2014-01-14,2014,1,3,20597
2014-01-15,2014,1,3,21384
2014-01-16,2014,1,3,19920
2014-01-17,2014,1,3,18437
2014-01-18,2014,1,3,15455
2014-01-19,2014,1,3,91513
2014-01-20,2014,1,3,63382
2014-01-21,2014,1,4,18925
2014-01-22,2014,1,4,11391
2014-01-23,2014,1,4,9686
2014-01-24,2014,1,4,7924
2014-01-25,2014,1,4,5527
2014-01-26,2014,1,4,6009
2014-01-27,2014,1,4,8162
2014-01-28,2014,1,5,7470
2014-01-29,2014,1,5,6796
2014-01-30,2014,1,5,7087
2014-01-31,2014,1,5,6950
2014-02-01,2014,2,5,6483
2014-02-02,2014,2,5,16667
2014-02-03,2014,2,5,41664
2014-02-04,2014,2,6,14589
2014-02-05,2014,2,6,8043
2014-02-06,2014,2,6,5668
2014-02-07,2014,2,6,4859
2014-02-08,2014,2,6,4122
2014-02-09,2014,2,6,3372
2014-02-10,2014,2,6,3648
2014-02-11,2014,2,7,3375
2014-02-12,2014,2,7,3286
2014-02-13,2014,2,7,3021
2014-02-14,2014,2,7,2630
2014-02-15,2014,2,7,2494
2014-02-16,2014,2,7,2439
2014-02-17,2014,2,7,2535
2014-02-18,2014,2,8,2880
2014-02-19,2014,2,8,3391
2014-02-20,2014,2,8,2947
2014-02-21,2014,2,8,2863
2014-02-22,2014,2,8,2867
2014-02-23,2014,2,8,2388
2014-02-24,2014,2,8,3085
2014-02-25,2014,2,9,3047
2014-02-26,2014,2,9,3475
2014-02-27,2014,2,9,4301
2014-02-28,2014,2,9,3045
2014-03-01,2014,3,9,2217
2014-03-02,2014,3,9,4851
2014-03-03,2014,3,9,2858
2014-03-04,2014,3,10,2654
2014-03-05,2014,3,10,2354
2014-03-06,2014,3,10,2693
2014-03-07,2014,3,10,2550
2014-03-08,2014,3,10,2100
2014-03-09,2014,3,10,2497
2014-03-10,2014,3,10,3342
2014-03-11,2014,3,11,2907
2014-03-12,2014,3,11,2949
2014-03-13,2014,3,11,3697
2014-03-14,2014,3,11,3281
2014-03-15,2014,3,11,2775
2014-03-16,2014,3,11,2731
2014-03-17,2014,3,11,3199
2014-03-18,2014,3,12,2635
2014-03-19,2014,3,12,4544
2014-03-20,2014,3,12,5064
2014-03-21,2014,3,12,3165
2014-03-22,2014,3,12,2419
2014-03-23,2014,3,12,2690
2014-03-24,2014,3,12,2754
2014-03-25,2014,3,13,3412
2014-03-26,2014,3,13,3343
2014-03-27,2014,3,13,4378
2014-03-28,2014,3,13,3690
2014-03-29,2014,3,13,2433
2014-03-30,2014,3,13,2604
2014-03-31,2014,3,13,2599
2014-04-01,2014,4,14,2494
2014-04-02,2014,4,14,3401
2014-04-03,2014,4,14,3402
2014-04-04,2014,4,14,2873
2014-04-05,2014,4,14,2153
2014-04-06,2014,4,14,2532
2014-04-07,2014,4,14,2837
2014-04-08,2014,4,15,2729
2014-04-09,2014,4,15,2344
2014-04-10,2014,4,15,2451
2014-04-11,2014,4,15,2339
2014-04-12,2014,4,15,2420
2014-04-13,2014,4,15,2435
2014-04-14,2014,4,15,2535
2014-04-15,2014,4,16,2343
2014-04-16,2014,4,16,3062
2014-04-17,2014,4,16,2647
2014-04-18,2014,4,16,2125
2014-04-19,2014,4,16,1935
2014-04-20,2014,4,16,2444
2014-04-21,2014,4,16,2409
2014-04-22,2014,4,17,2755
2014-04-23,2014,4,17,2411
2014-04-24,2014,4,17,2948
2014-04-25,2014,4,17,2503
2014-04-26,2014,4,17,1981
2014-04-27,2014,4,17,2040
2014-04-28,2014,4,17,2581
2014-04-29,2014,4,18,2932
2014-04-30,2014,4,18,2352
2014-05-01,2014,5,18,2446
2014-05-02,2014,5,18,2744
2014-05-03,2014,5,18,2329
2014-05-04,2014,5,18,2686
2014-05-05,2014,5,18,3840
2014-05-06,2014,5,19,6793
2014-05-07,2014,5,19,4463
2014-05-08,2014,5,19,5002
2014-05-09,2014,5,19,10988
2014-05-10,2014,5,19,11158
2014-05-11,2014,5,19,6014
2014-05-12,2014,5,19,5429
2014-05-13,2014,5,20,4381
2014-05-14,2014,5,20,3543
2014-05-15,2014,5,20,3497
2014-05-16,2014,5,20,3092
2014-05-17,2014,5,20,2159
2014-05-18,2014,5,20,2501
2014-05-19,2014,5,20,3756
2014-05-20,2014,5,21,3410
2014-05-21,2014,5,21,2639
2014-05-22,2014,5,21,2597
2014-05-23,2014,5,21,2443
2014-05-24,2014,5,21,1937
2014-05-25,2014,5,21,1830
2014-05-26,2014,5,21,2713
2014-05-27,2014,5,22,4500
2014-05-28,2014,5,22,3463
2014-05-29,2014,5,22,2605
2014-05-30,2014,5,22,2662
2014-05-31,2014,5,22,2190
2014-06-01,2014,6,22,2075
2014-06-02,2014,6,22,2368
2014-06-03,2014,6,23,3252
2014-06-04,2014,6,23,4761
2014-06-05,2014,6,23,3066
2014-06-06,2014,6,23,3060
2014-06-07,2014,6,23,2302
2014-06-08,2014,6,23,2796
2014-06-09,2014,6,23,2600
2014-06-10,2014,6,24,2815
2014-06-11,2014,6,24,2211
2014-06-12,2014,6,24,2461
2014-06-13,2014,6,24,2068
2014-06-14,2014,6,24,1766
2014-06-15,2014,6,24,2089
2014-06-16,2014,6,24,2638
2014-06-17,2014,6,25,3779
2014-06-18,2014,6,25,3534
2014-06-19,2014,6,25,2483
2014-06-20,2014,6,25,2052
2014-06-21,2014,6,25,1682
2014-06-22,2014,6,25,1754
2014-06-23,2014,6,25,2018
2014-06-24,2014,6,26,1989
2014-06-25,2014,6,26,1861
2014-06-26,2014,6,26,2343
2014-06-27,2014,6,26,2542
2014-06-28,2014,6,26,2226
2014-06-29,2014,6,26,2446
2014-06-30,2014,6,26,2333
2014-07-01,2014,7,27,2073
2014-07-02,2014,7,27,2096
2014-07-03,2014,7,27,2647
2014-07-04,2014,7,27,1860
2014-07-05,2014,7,27,2128
2014-07-06,2014,7,27,2222
2014-07-07,2014,7,27,2013
2014-07-08,2014,7,28,2183
2014-07-09,2014,7,28,2395
2014-07-10,2014,7,28,2762
2014-07-11,2014,7,28,2801
2014-07-12,2014,7,28,2329
2014-07-13,2014,7,28,5350
2014-07-14,2014,7,28,8262
2014-07-15,2014,7,29,4279
2014-07-16,2014,7,29,3315
2014-07-17,2014,7,29,3165
2014-07-18,2014,7,29,2667
2014-07-19,2014,7,29,2067
2014-07-20,2014,7,29,2289
2014-07-21,2014,7,29,3306
2014-07-22,2014,7,30,2841
2014-07-23,2014,7,30,2660
2014-07-24,2014,7,30,2862
2014-07-25,2014,7,30,3505
2014-07-26,2014,7,30,2300
2014-07-27,2014,7,30,1907
2014-07-28,2014,7,30,2414
2014-07-29,2014,7,31,2765
2014-07-30,2014,7,31,2584
2014-07-31,2014,7,31,2648
2014-08-01,2014,8,31,2502
2014-08-02,2014,8,31,2052
2014-08-03,2014,8,31,4662
2014-08-04,2014,8,31,5960
2014-08-05,2014,8,32,3623
2014-08-06,2014,8,32,3358
2014-08-07,2014,8,32,3014
2014-08-08,2014,8,32,3527
2014-08-09,2014,8,32,2290
2014-08-10,2014,8,32,2309
2014-08-11,2014,8,32,2455
2014-08-12,2014,8,33,2610
2014-08-13,2014,8,33,2840
2014-08-14,2014,8,33,2963
2014-08-15,2014,8,33,2734
2014-08-16,2014,8,33,4547
2014-08-17,2014,8,33,2692
2014-08-18,2014,8,33,2990
2014-08-19,2014,8,34,5031
2014-08-20,2014,8,34,4408
2014-08-21,2014,8,34,3419
2014-08-22,2014,8,34,3130
2014-08-23,2014,8,34,3726
2014-08-24,2014,8,34,3493
2014-08-25,2014,8,34,3952
2014-08-26,2014,8,35,3527
2014-08-27,2014,8,35,3355
2014-08-28,2014,8,35,0
2014-08-29,2014,8,35,4115
2014-08-30,2014,8,35,3327
2014-08-31,2014,8,35,3515
2014-09-01,2014,9,35,3985
2014-09-02,2014,9,36,4989
2014-09-03,2014,9,36,7094
2014-09-04,2014,9,36,6042
2014-09-05,2014,9,36,8779
2014-09-06,2014,9,36,4605
2014-09-07,2014,9,36,9752
2014-09-08,2014,9,36,8310
2014-09-09,2014,9,37,5274
2014-09-10,2014,9,37,4091
2014-09-11,2014,9,37,4191
2014-09-12,2014,9,37,3890
2014-09-13,2014,9,37,3013
2014-09-14,2014,9,37,6683
2014-09-15,2014,9,37,5342
2014-09-16,2014,9,38,4186
2014-09-17,2014,9,38,3413
2014-09-18,2014,9,38,14933
2014-09-19,2014,9,38,8556
2014-09-20,2014,9,38,3541
2014-09-21,2014,9,38,6223
2014-09-22,2014,9,38,6118
2014-09-23,2014,9,39,4079
2014-09-24,2014,9,39,3496
2014-09-25,2014,9,39,3731
2014-09-26,2014,9,39,3849
2014-09-27,2014,9,39,2575
2014-09-28,2014,9,39,3855
2014-09-29,2014,9,39,5304
2014-09-30,2014,9,40,22912
2014-10-01,2014,10,40,7512
2014-10-02,2014,10,40,5280
2014-10-03,2014,10,40,4866
2014-10-04,2014,10,40,2939
2014-10-05,2014,10,40,7338
2014-10-06,2014,10,40,27738
2014-10-07,2014,10,41,7503
2014-10-08,2014,10,41,4981
2014-10-09,2014,10,41,6368
2014-10-10,2014,10,41,5414
2014-10-11,2014,10,41,2983
2014-10-12,2014,10,41,5934
2014-10-13,2014,10,41,6783
2014-10-14,2014,10,42,4647
2014-10-15,2014,10,42,4081
2014-10-16,2014,10,42,4860
2014-10-17,2014,10,42,8986
2014-10-18,2014,10,42,3400
2014-10-19,2014,10,42,3488
2014-10-20,2014,10,42,14996
2014-10-21,2014,10,43,6304
2014-10-22,2014,10,43,4886
2014-10-23,2014,10,43,4094
2014-10-24,2014,10,43,4622
2014-10-25,2014,10,43,2571
2014-10-26,2014,10,43,6161
2014-10-27,2014,10,43,9173
2014-10-28,2014,10,44,5623
2014-10-29,2014,10,44,5019
2014-10-30,2014,10,44,4950
2014-10-31,2014,10,44,5088
2014-11-01,2014,11,44,3377
2014-11-02,2014,11,44,10157
2014-11-03,2014,11,44,18397
2014-11-04,2014,11,45,7367
2014-11-05,2014,11,45,4775
2014-11-06,2014,11,45,4791
2014-11-07,2014,11,45,4785
2014-11-08,2014,11,45,3405
2014-11-09,2014,11,45,3879
2014-11-10,2014,11,45,6103
2014-11-11,2014,11,46,4647
2014-11-12,2014,11,46,3992
2014-11-13,2014,11,46,4047
2014-11-14,2014,11,46,3566
2014-11-15,2014,11,46,2609
2014-11-16,2014,11,46,3692
2014-11-17,2014,11,46,11504
2014-11-18,2014,11,47,4645
2014-11-19,2014,11,47,3655
2014-11-20,2014,11,47,3418
2014-11-21,2014,11,47,3332
2014-11-22,2014,11,47,2350
2014-11-23,2014,11,47,8312
2014-11-24,2014,11,47,10903
2014-11-25,2014,11,48,4660
2014-11-26,2014,11,48,4137
2014-11-27,2014,11,48,3483
2014-11-28,2014,11,48,3227
2014-11-29,2014,11,48,3143
2014-11-30,2014,11,48,7006
2014-12-01,2014,12,48,11431
2014-12-02,2014,12,49,5119
2014-12-03,2014,12,49,4680
2014-12-04,2014,12,49,4488
2014-12-05,2014,12,49,4634
2014-12-06,2014,12,49,3160
2014-12-07,2014,12,49,3270
2014-12-08,2014,12,49,12076
2014-12-09,2014,12,50,6138
2014-12-10,2014,12,50,4761
2014-12-11,2014,12,50,4111
2014-12-12,2014,12,50,4612
2014-12-13,2014,12,50,2891
2014-12-14,2014,12,50,5388
2014-12-15,2014,12,50,7623
2014-12-16,2014,12,51,5746
2014-12-17,2014,12,51,4470
2014-12-18,2014,12,51,4357
2014-12-19,2014,12,51,3647
2014-12-20,2014,12,51,2687
2014-12-21,2014,12,51,3672
2014-12-22,2014,12,51,5249
2014-12-23,2014,12,52,5356
2014-12-24,2014,12,52,4457
2014-12-25,2014,12,52,2649
2014-12-26,2014,12,52,3258
2014-12-27,2014,12,52,2879
2014-12-28,2014,12,52,3774
2014-12-29,2014,12,52,6801
2014-12-30,2014,12,53,9211
2014-12-31,2014,12,53,4109
2015-01-01,2015,1,1,2996
2015-01-02,2015,1,1,4258
2015-01-03,2015,1,1,3590
2015-01-04,2015,1,1,5832
2015-01-05,2015,1,1,6175
2015-01-06,2015,1,1,5060
2015-01-07,2015,1,2,5679
2015-01-08,2015,1,2,5588
2015-01-09,2015,1,2,6100
2015-01-10,2015,1,2,7076
2015-01-11,2015,1,2,27095
2015-01-12,2015,1,2,23823
2015-01-13,2015,1,2,13226
2015-01-14,2015,1,3,9782
2015-01-15,2015,1,3,10581
2015-01-16,2015,1,3,9646
2015-01-17,2015,1,3,7044
2015-01-18,2015,1,3,14245
2015-01-19,2015,1,3,103673
2015-01-20,2015,1,3,30460
2015-01-21,2015,1,4,17803
2015-01-22,2015,1,4,25372
2015-01-23,2015,1,4,30687
2015-01-24,2015,1,4,13223
2015-01-25,2015,1,4,12014
2015-01-26,2015,1,4,19054
2015-01-27,2015,1,4,20280
2015-01-28,2015,1,5,19745
2015-01-29,2015,1,5,19824
2015-01-30,2015,1,5,24699
2015-01-31,2015,1,5,15615
2015-02-01,2015,2,5,45125
2015-02-02,2015,2,5,372819
2015-02-03,2015,2,5,97278
2015-02-04,2015,2,6,45194
2015-02-05,2015,2,6,0
2015-02-06,2015,2,6,17643
2015-02-07,2015,2,6,11723
2015-02-08,2015,2,6,9826
2015-02-09,2015,2,6,9187
2015-02-10,2015,2,6,8399
2015-02-11,2015,2,7,8292
2015-02-12,2015,2,7,6424
2015-02-13,2015,2,7,6114
2015-02-14,2015,2,7,4578
2015-02-15,2015,2,7,4521
2015-02-16,2015,2,7,5371
2015-02-17,2015,2,7,4965
2015-02-18,2015,2,8,4915
2015-02-19,2015,2,8,20257
2015-02-20,2015,2,8,4513
2015-02-21,2015,2,8,3911
2015-02-22,2015,2,8,3306
2015-02-23,2015,2,8,3845
2015-02-24,2015,2,8,4034
2015-02-25,2015,2,9,3973
2015-02-26,2015,2,9,3486
2015-02-27,2015,2,9,5134
2015-02-28,2015,2,9,2664
2015-03-01,2015,3,9,2485
2015-03-02,2015,3,9,3298
2015-03-03,2015,3,9,3376
2015-03-04,2015,3,10,3507
2015-03-05,2015,3,10,4064
2015-03-06,2015,3,10,3429
2015-03-07,2015,3,10,2254
2015-03-08,2015,3,10,2446
2015-03-09,2015,3,10,3452
2015-03-10,2015,3,10,3423
2015-03-11,2015,3,11,3727
2015-03-12,2015,3,11,3539
2015-03-13,2015,3,11,3884
2015-03-14,2015,3,11,2695
2015-03-15,2015,3,11,2638
2015-03-16,2015,3,11,3659
2015-03-17,2015,3,11,3974
2015-03-18,2015,3,12,3443
2015-03-19,2015,3,12,4011
2015-03-20,2015,3,12,3149
2015-03-21,2015,3,12,2079
2015-03-22,2015,3,12,2373
2015-03-23,2015,3,12,3790
2015-03-24,2015,3,12,3442
2015-03-25,2015,3,13,4668
2015-03-26,2015,3,13,3268
2015-03-27,2015,3,13,2717
2015-03-28,2015,3,13,3118
2015-03-29,2015,3,13,5178
2015-03-30,2015,3,13,3973
2015-03-31,2015,3,13,3387
2015-04-01,2015,4,14,2945
2015-04-02,2015,4,14,4073
2015-04-03,2015,4,14,2359
2015-04-04,2015,4,14,2000
2015-04-05,2015,4,14,1837
2015-04-06,2015,4,14,2326
2015-04-07,2015,4,14,2451
2015-04-08,2015,4,15,2352
2015-04-09,2015,4,15,2337
2015-04-10,2015,4,15,3120
2015-04-11,2015,4,15,1571
2015-04-12,2015,4,15,1961
2015-04-13,2015,4,15,3829
2015-04-14,2015,4,15,4407
2015-04-15,2015,4,16,4559
2015-04-16,2015,4,16,11073
2015-04-17,2015,4,16,7837
2015-04-18,2015,4,16,3409
2015-04-19,2015,4,16,4492
2015-04-20,2015,4,16,3967
2015-04-21,2015,4,16,3074
2015-04-22,2015,4,17,3017
2015-04-23,2015,4,17,3084
2015-04-24,2015,4,17,3303
2015-04-25,2015,4,17,2066
2015-04-26,2015,4,17,2328
2015-04-27,2015,4,17,3912
2015-04-28,2015,4,17,4172
2015-04-29,2015,4,18,4221
2015-04-30,2015,4,18,4251
2015-05-01,2015,5,18,4693
2015-05-02,2015,5,18,3448
2015-05-03,2015,5,18,3996
2015-05-04,2015,5,18,3548
2015-05-05,2015,5,18,3130
2015-05-06,2015,5,19,6053
2015-05-07,2015,5,19,13227
2015-05-08,2015,5,19,14723
2015-05-09,2015,5,19,7318
2015-05-10,2015,5,19,5029
2015-05-11,2015,5,19,10297
2015-05-12,2015,5,19,25698
2015-05-13,2015,5,20,12838
2015-05-14,2015,5,20,9283
2015-05-15,2015,5,20,6959
2015-05-16,2015,5,20,3503
2015-05-17,2015,5,20,3589
2015-05-18,2015,5,20,4578
2015-05-19,2015,5,20,4396
2015-05-20,2015,5,21,3814
2015-05-21,2015,5,21,3529
2015-05-22,2015,5,21,3000
2015-05-23,2015,5,21,2809
2015-05-24,2015,5,21,2163
2015-05-25,2015,5,21,3041
2015-05-26,2015,5,21,2750
2015-05-27,2015,5,22,2761
2015-05-28,2015,5,22,2724
2015-05-29,2015,5,22,2342
2015-05-30,2015,5,22,1987
2015-05-31,2015,5,22,1808
2015-06-01,2015,6,22,2186
2015-06-02,2015,6,22,2429
2015-06-03,2015,6,23,2492
2015-06-04,2015,6,23,2688
2015-06-05,2015,6,23,2256
2015-06-06,2015,6,23,1692
2015-06-07,2015,6,23,1715
2015-06-08,2015,6,23,2316
2015-06-09,2015,6,23,2259
2015-06-10,2015,6,24,2208
2015-06-11,2015,6,24,2221
2015-06-12,2015,6,24,2083
2015-06-13,2015,6,24,1544
2015-06-14,2015,6,24,1677
2015-06-15,2015,6,24,3192
2015-06-16,2015,6,24,2764
2015-06-17,2015,6,25,2439
2015-06-18,2015,6,25,2189
2015-06-19,2015,6,25,2062
2015-06-20,2015,6,25,1680
2015-06-21,2015,6,25,2172
2015-06-22,2015,6,25,2992
2015-06-23,2015,6,25,3800
2015-06-24,2015,6,26,3765
2015-06-25,2015,6,26,2924
2015-06-26,2015,6,26,2877
2015-06-27,2015,6,26,2970
2015-06-28,2015,6,26,2385
2015-06-29,2015,6,26,2914
2015-06-30,2015,6,26,2413
2015-07-01,2015,7,27,2226
2015-07-02,2015,7,27,2230
2015-07-03,2015,7,27,2019
2015-07-04,2015,7,27,1925
2015-07-05,2015,7,27,1688
2015-07-06,2015,7,27,2163
2015-07-07,2015,7,27,2233
2015-07-08,2015,7,28,2325
2015-07-09,2015,7,28,2662
2015-07-10,2015,7,28,2769
2015-07-11,2015,7,28,2416
2015-07-12,2015,7,28,2674
2015-07-13,2015,7,28,2828
2015-07-14,2015,7,28,2651
2015-07-15,2015,7,29,3002
2015-07-16,2015,7,29,2874
2015-07-17,2015,7,29,2606
2015-07-18,2015,7,29,2200
2015-07-19,2015,7,29,2357
2015-07-20,2015,7,29,3353
2015-07-21,2015,7,29,3607
2015-07-22,2015,7,30,2930
2015-07-23,2015,7,30,2784
2015-07-24,2015,7,30,2566
2015-07-25,2015,7,30,2049
2015-07-26,2015,7,30,2085
2015-07-27,2015,7,30,2808
2015-07-28,2015,7,30,6843
2015-07-29,2015,7,31,12665
2015-07-30,2015,7,31,7437
2015-07-31,2015,7,31,5481
2015-08-01,2015,8,31,3366
2015-08-02,2015,8,31,2790
2015-08-03,2015,8,31,5099
2015-08-04,2015,8,31,4567
2015-08-05,2015,8,32,4829
2015-08-06,2015,8,32,6599
2015-08-07,2015,8,32,4687
2015-08-08,2015,8,32,2827
2015-08-09,2015,8,32,2411
2015-08-10,2015,8,32,2726
2015-08-11,2015,8,32,3371
2015-08-12,2015,8,33,5509
2015-08-13,2015,8,33,10533
2015-08-14,2015,8,33,5308
2015-08-15,2015,8,33,3004
2015-08-16,2015,8,33,2910
2015-08-17,2015,8,33,3383
2015-08-18,2015,8,33,3741
2015-08-19,2015,8,34,4135
2015-08-20,2015,8,34,3436
2015-08-21,2015,8,34,3213
2015-08-22,2015,8,34,3031
2015-08-23,2015,8,34,3275
2015-08-24,2015,8,34,3632
2015-08-25,2015,8,34,3495
2015-08-26,2015,8,35,3140
2015-08-27,2015,8,35,3387
2015-08-28,2015,8,35,3008
2015-08-29,2015,8,35,2623
2015-08-30,2015,8,35,3166
2015-08-31,2015,8,35,4087
2015-09-01,2015,9,35,4484
2015-09-02,2015,9,36,4463
2015-09-03,2015,9,36,17333
2015-09-04,2015,9,36,12117
2015-09-05,2015,9,36,7235
2015-09-06,2015,9,36,5676
2015-09-07,2015,9,36,5580
2015-09-08,2015,9,36,7247
2015-09-09,2015,9,37,7217
2015-09-10,2015,9,37,8407
2015-09-11,2015,9,37,20581
2015-09-12,2015,9,37,4910
2015-09-13,2015,9,37,8361
2015-09-14,2015,9,37,8411
2015-09-15,2015,9,37,6419
2015-09-16,2015,9,38,4929
2015-09-17,2015,9,38,16287
2015-09-18,2015,9,38,15626
2015-09-19,2015,9,38,8550
2015-09-20,2015,9,38,10198
2015-09-21,2015,9,38,11363
2015-09-22,2015,9,38,7892
2015-09-23,2015,9,39,6998
2015-09-24,2015,9,39,8205
2015-09-25,2015,9,39,7305
2015-09-26,2015,9,39,4372
2015-09-27,2015,9,39,8152
2015-09-28,2015,9,39,11677
2015-09-29,2015,9,39,9561
2015-09-30,2015,9,40,8072
2015-10-01,2015,10,40,6000
2015-10-02,2015,10,40,5184
2015-10-03,2015,10,40,3597
2015-10-04,2015,10,40,4539
2015-10-05,2015,10,40,7323
2015-10-06,2015,10,40,5852
2015-10-07,2015,10,41,4950
2015-10-08,2015,10,41,4930
2015-10-09,2015,10,41,4785
2015-10-10,2015,10,41,3106
2015-10-11,2015,10,41,5320
2015-10-13,2015,10,41,5905
2015-10-14,2015,10,42,5112
2015-10-15,2015,10,42,5175
2015-10-16,2015,10,42,4956
2015-10-17,2015,10,42,3263
2015-10-18,2015,10,42,6195
2015-10-19,2015,10,42,14034
2015-10-20,2015,10,42,6010
2015-10-21,2015,10,43,4796
2015-10-22,2015,10,43,5855
2015-10-23,2015,10,43,4963
2015-10-24,2015,10,43,3167
2015-10-25,2015,10,43,6554
2015-10-26,2015,10,43,9397
2015-10-27,2015,10,43,6770
2015-10-28,2015,10,44,10097
2015-10-29,2015,10,44,5238
2015-10-30,2015,10,44,12704
2015-10-31,2015,10,44,3974
2015-11-01,2015,11,44,4549
2015-11-02,2015,11,44,8319
2015-11-03,2015,11,44,6018
2015-11-04,2015,11,45,5739
2015-11-05,2015,11,45,5032
2015-11-06,2015,11,45,4802
2015-11-07,2015,11,45,3363
2015-11-08,2015,11,45,5462
2015-11-09,2015,11,45,7941
2015-11-10,2015,11,45,8696
2015-11-11,2015,11,46,8417
2015-11-12,2015,11,46,6589
2015-11-13,2015,11,46,4592
2015-11-14,2015,11,46,2755
2015-11-15,2015,11,46,4030
2015-11-16,2015,11,46,12227
2015-11-17,2015,11,46,6828
2015-11-18,2015,11,47,5753
2015-11-19,2015,11,47,5603
2015-11-20,2015,11,47,5097
2015-11-21,2015,11,47,3251
2015-11-22,2015,11,47,4381
2015-11-23,2015,11,47,6336
2015-11-24,2015,11,47,10560
2015-11-25,2015,11,48,5116
2015-11-26,2015,11,48,4407
2015-11-27,2015,11,48,6619
2015-11-28,2015,11,48,4480
2015-11-29,2015,11,48,4693
2015-11-30,2015,11,48,17787
2015-12-01,2015,12,48,7308
2015-12-02,2015,12,49,5556
2015-12-03,2015,12,49,4850
2015-12-04,2015,12,49,4957
2015-12-05,2015,12,49,3043
2015-12-06,2015,12,49,5013
2015-12-07,2015,12,49,9186
2015-12-08,2015,12,49,5294
2015-12-09,2015,12,50,4457
2015-12-10,2015,12,50,4027
2015-12-11,2015,12,50,4093
2015-12-12,2015,12,50,2805
2015-12-13,2015,12,50,3502
2015-12-14,2015,12,50,9096
2015-12-15,2015,12,50,6114
2015-12-16,2015,12,51,5080
2015-12-17,2015,12,51,4536
2015-12-18,2015,12,51,3807
2015-12-19,2015,12,51,2600
2015-12-20,2015,12,51,3781
2015-12-21,2015,12,51,5474
2015-12-22,2015,12,51,5033
2015-12-23,2015,12,52,4681
2015-12-24,2015,12,52,3979
2015-12-25,2015,12,52,3033
2015-12-26,2015,12,52,2325
2015-12-27,2015,12,52,5300
2015-12-28,2015,12,52,4786
2015-12-29,2015,12,52,4436
2015-12-30,2015,12,53,3918
2015-12-31,2015,12,53,3154
2016-01-01,2016,1,1,2878
2016-01-02,2016,1,1,2986
2016-01-03,2016,1,1,3881
2016-01-04,2016,1,1,6582
2016-01-05,2016,1,1,5997
2016-01-06,2016,1,1,6289
2016-01-07,2016,1,2,5549
2016-01-08,2016,1,2,5066
2016-01-09,2016,1,2,3627
2016-01-10,2016,1,2,5144
2016-01-11,2016,1,2,6830
2016-01-12,2016,1,2,6087
2016-01-13,2016,1,2,4898
2016-01-14,2016,1,3,4836
2016-01-15,2016,1,3,4423
2016-01-16,2016,1,3,6888
2016-01-17,2016,1,3,16265
2016-01-18,2016,1,3,21502
2016-01-19,2016,1,3,13455
2016-01-20,2016,1,3,10513
